Road,Crosses,Location,Design,Built,Reconstructed,Span-feet,TotalLength,Condition
BRACKENRIDGE RD,SAN ANTONIO RIVER,0.2 MI S OF HILDEBRAND,Steel Truss - Thru,--,--,92.9,95.1,Structurally Deficient
CROCKETT ST,SAN ANTONIO RIVER,0.00 MI E OF N PRESA,Steel Truss - Thru,--,--,84,86,Structurally Deficient
S PRESA ST,SAN ANTONIO RIVER,0.1 MI S OF E COMMERCE,Steel Truss - Thru,--,--,100.1,100.1,Structurally Deficient
E COMMERCE ST,SAN ANTONIO RIVER,0.45 MI W OF IH 37,Concrete Tee beam (3 spans),1914,--,28.9,84,Functionally Obsolete
SOMERSET RD.,LEON CREEK,0.1 MI N OF CASSIN RD.,Concrete Arch - Deck (4 spans),1914,--,59.1,223.1,Structurally Deficient
N SAINT MARYS ST,SAN ANTONIO RIVER,0.05 MI N OF E MARTIN ST,Concrete Tee beam (3 spans),1915,1950,32.2,100.1,Functionally Obsolete
S SAINT MARYS ST,SAN ANTONIO RIVER,0.02 MI N OF VILLITA ST,Concrete Tee beam (2 spans),1915,1950,37.1,76.1,Functionally Obsolete
OLD SEGUIN ROAD,SALADO CREEK,0.25 MI W OF IH 35,Concrete Culvert (5 spans),1920,--,8.9,50.9,Structurally Deficient
NAVARRO ST,SAN ANTONIO RIVER,.05 S.OF N.ST.MARYS ST.,Concrete Tee beam (2 spans),1921,--,38.1,77.1,Functionally Obsolete
NAVARRO ST,SAN ANTONIO RIVER,0.03 MI S OF MARKET ST,Concrete Arch - Deck (3 spans),1922,--,53.2,159.1,Functionally Obsolete
QUINTANA ROAD,LIVE OAK SLOUGH,0.7 MI NW OF IH35 S,Concrete Culvert (6 spans),1925,--,7.9,54.1,Functionally Obsolete
GROSS LN,MEDINA RIVER,0.2 MI S OF MECHLER RD.,Concrete Culvert (4 spans),1925,--,5.9,27.9,Functionally Obsolete
E COMMERCE ST,SAN ANTONIO RIVER,0.05 MI W OF ST MARYS,Concrete Tee beam (2 spans),1925,--,36.1,73.2,Functionally Obsolete
OLD FREDRICKSBURG,LEON CREEK,0.2 MI N OF LOOP 1604,Concrete Culvert (7 spans),1925,--,6.9,58.1,Functionally Obsolete
E HOUSTON ST,SAN ANTONIO RIVER,0.05 MI W OF N ST MARY'S,Concrete Tee beam (3 spans),1925,--,35.1,107,Functionally Obsolete
N PRESA ST,SAN ANTONIO RIVER,0.1 MI N OF CROCKETT ST,Steel Truss - Thru,1925,--,96.1,178.2,Functionally Obsolete
QUINTANA ROAD,INDIAN CREEK,0.25 MI S OF CASSIN RD.,Concrete Culvert (3 spans),1925,--,9.8,33.1,Structurally Deficient
E RAMSEY ROAD,DRAW-NO NANE,0.15 MI NW OF ISOM RD,Concrete Culvert (3 spans),1925,1980,9.8,32.2,Functionally Obsolete
N SAINT MARYS ST,SAN ANTONIO RIVER,0.04 MI N OF COMMERCE ST,Concrete Tee beam (2 spans),1925,--,39,78.1,Functionally Obsolete
ASHLEY RD,SIX MILE CREEK,0.80 MI E OF ROOSEVELT,Concrete Culvert (2 spans),1926,--,12.1,24.9,Structurally Deficient
E HOUSTON ST,SALADO CREEK,.5 MI W OF E COMMERCE ST,Concrete Tee beam (10 spans),1926,1950,30.8,310.1,Functionally Obsolete
MARKET ST,SAN ANTONIO RIVER,0.03 MI W OF ALAMO ST,Concrete Tee beam (2 spans),1926,--,43,89.9,Functionally Obsolete
NEW SULPHUR SPRING,ROSILLO CREEK,0.15 MI E OF LP 410,Concrete Tee beam (2 spans),1926,1965,33.1,65.9,Functionally Obsolete
MILLER RD,MARTINEZ CREEK,0.4 MI S OF NEW BERLIN RD,Concrete Tee beam (7 spans),1926,--,30.8,216.9,Functionally Obsolete
MARKET ST,SAN ANTONIO RIVER,0.05 MI W OF ST MARYS ST,Concrete Tee beam (2 spans),1927,--,36.1,71.9,Functionally Obsolete
E MARTIN ST,SAN ANTONIO RIVER,0.1 MI E OF SOLEDAD ST,Concrete Tee beam (2 spans),1927,--,51.8,106,Functionally Obsolete
PECAN ST,SAN ANTONIO RIVER,0.04 MI W OF S ST MARY'S,Concrete Tee beam (2 spans),1927,--,43,91.9,Functionally Obsolete
DOLOROSA ST,SAN PEDRO CREEK,0.03 MI E OF SANTA ROSA,Steel Other,1928,--,25.9,28.9,Functionally Obsolete
E. HILDEBRAND AVE,OLMOS CREEK,0.3 MI W OF BROADWAY,Steel Stringer/Multi-beam or girder,1928,1979,58.1,153.9,Functionally Obsolete
E. HILDEBRAND AVE,SAN ANTONIO RIVER,0.24 MI. W. OF BROADWAY,Steel Stringer/Multi-beam or girder (2 spans),1928,1979,40,80.1,Functionally Obsolete
DOLOROSA ST,SAN ANTONIO RIVER,0.05 MI E OF MAIN PLAZA,Concrete Tee beam (2 spans),1929,--,36.1,75.1,Functionally Obsolete
E GRAYSON ST,SAN ANTONIO RIVER,0.3 MI W OF BROADWAY AVE.,Concrete Tee beam (2 spans),1929,--,44,87.9,Functionally Obsolete
TRAVIS ST,SAN ANTONIO RIVER,0.06 MI E OF SOLEDAD ST.,Concrete Tee beam (2 spans),1929,--,49.9,100.1,Functionally Obsolete
ML MISSION RD.,DRAW-NO NAME,0.6 MI S OF MILITARY DR.,Concrete Culvert (3 spans),1930,1970,7.9,24.9,Functionally Obsolete
DURANGO BLVD WB,SAN ANTONIO RIVER,0.2 MI SE OF MAIN ST,Concrete Box beam or girders - Multiple,1931,--,103,110.9,Functionally Obsolete
US 281 SBFR,SALADO CREEK,0.80 MI S OF E BITTERS RD,Concrete Tee beam (13 spans),1933,1956,27.9,371.1,Functionally Obsolete
RANDOLPH BLVD,DRAW-NO NAME,0.4 MI S OF S WEIDNER RD,Concrete Culvert (5 spans),1933,--,4.9,27.9,Functionally Obsolete
SAN PEDRO AVE,OLMOS CREEK,0.15 MI N OF BASSE RD,Concrete Tee beam (14 spans),1934,1963,27.9,399,Functionally Obsolete
SL368 (AUSTIN HWY),SALADO CRK & IRA LEE RD,0.60 MI NE OF EISENHAUER,Concrete Tee beam (15 spans),1934,1949,28.9,428.2,Functionally Obsolete
US 281 SB,MUD CREEK,0.55 MI N OF LP 1604,Concrete Tee beam (5 spans),1934,1956,27.9,143.1,Functionally Obsolete
SPUR 536,ROCKWOOD CREEK,0.80 MI S OF IH 10,Concrete Culvert (2 spans),1934,1955,14.1,35.1,Functionally Obsolete
SPUR 536,SAN ANTONIO RIVER,1.10 MI S OF IH 10,Concrete Arch - Deck (3 spans),1934,--,109.9,290,Functionally Obsolete
S JOSEPHINE TOBIN,ALAZAN CREEK RELIEF,0.1 MI S OF W WOODLAWN,Steel Other (5 spans),1935,--,15.1,74.2,Functionally Obsolete
WOODLAWN PARK RD,WOODLAWN LAKE DRAIN,0.03 MI E OF JOS TOBIN,Steel Other (4 spans),1935,--,15.1,60,Functionally Obsolete
QUINTANA RD,SPUR 371,1.20 MI SW OF US 90,Steel Stringer/Multi-beam or girder,1936,1967,67.9,172.9,Functionally Obsolete
CASSIANO ST,NOGALITOS ST,0.10 MI W OF S FLORES ST,Steel Stringer/Multi-beam or girder,1937,--,49.9,68.9,Functionally Obsolete
LA CHAPELLE ST,NOGALITOS ST,0.1 MI W OF S FLORES ST,Steel Stringer/Multi-beam or girder,1937,--,49.9,68.9,Functionally Obsolete
LOOP 13,DRAIN,0.10 MI W OF IH 37,Concrete Culvert (8 spans),1942,1969,4.9,45.9,Functionally Obsolete
SP 421-CULEBRA,IH 10 LOWER LEVEL,0.30 MI S OF CINCINNATI,Concrete Tee beam (5 spans),1948,--,44,185,Functionally Obsolete
FREDERICKSBURG RD,IH 10 LOWER LEVEL,0.65 MI N OF SP 421,Concrete Tee beam (2 spans),1949,--,66.9,132.9,Functionally Obsolete
WOODLAWN AVE,IH 10 LOWER LEVEL,0.60 MI N OF SP 421,Concrete Tee beam (3 spans),1949,1992,48.9,138.1,Functionally Obsolete
CINCINNATI AVE,IH 10 LOWER LEVEL,0.30 MI N OF SP 421,Concrete Tee beam (2 spans),1949,--,47.9,99.1,Functionally Obsolete
N COLORADO ST,IH 10 LOWER LEVEL,0.45 MI S OF SP 421,Concrete Tee beam,1949,--,82,82,Functionally Obsolete
IH 10 EB,W POPLAR ST,0.75 MI SE OF SP 421,Steel Stringer/Multi-beam or girder (12 spans),1950,1992,48.9,594.2,Functionally Obsolete
IH 10 WB,W POPLAR ST,0.75 MI SE OF SP 421,Steel Stringer/Multi-beam or girder (13 spans),1950,1992,49.9,650,Functionally Obsolete
WEST QUINCY,SAN PEDRO CREEK,AT SANTA ROSA ST INT,Concrete Slab (3 spans),1950,1990,27.9,73.2,Functionally Obsolete
EADS AVE,ROCKWOOD CREEK,0.20 MI W OF S PRESA ST,Concrete Culvert (4 spans),1950,1967,9.8,44,Functionally Obsolete
ML E. PYRON AVE.,DRAW-NO NAME,0.1 MI E OF PADRE RD.,Concrete Slab (5 spans),1950,--,22,108.9,Functionally Obsolete
WURZBACH RD,DRAIN,0.50 MI SW OF IH 10,Concrete Culvert (3 spans),1950,1970,9.8,34.1,Functionally Obsolete
SP 536 (S ALAMO),SAN PEDRO CREEK,0.10 MI SE OF IH 35,Concrete Slab (3 spans),1951,--,29.9,80.1,Functionally Obsolete
SP 536 (ALAMO ST),IH 35 LOWER LEVEL,1.4 MI N OF US 90,Concrete Slab (2 spans),1952,1991,49.9,106,Functionally Obsolete
CAMDEN ST,SAN ANTONIO RIVER,0.05 MI N OF IH 35,Concrete Slab (4 spans),1952,--,33.1,120.1,Functionally Obsolete
IH 410 SB,"FM 78, SPRR, BINZ-ENGLEM",2.00 MI NW OF IH 10,Steel Stringer/Multi-beam or girder (9 spans),1953,1994,49.9,390.1,Functionally Obsolete
BROOKLYN AVE,IH 35 ML (LOWER LEVEL),0.7 MI W OF IH 37,Concrete Frame (2 spans),1954,--,53.2,106,Functionally Obsolete
MCCULLOUGH AVE,IH 35 ML (LOWER LEVEL),0.8 MI W OF IH 37,Concrete Frame (2 spans),1954,--,53.2,106,Functionally Obsolete
LEXINGTON AVE,IH 35 LOWER LEVEL,0.90 MI W OF IH 37,Concrete Frame (2 spans),1954,--,51.8,95.1,Functionally Obsolete
MAIN AVE,IH 35 LOWER LEVEL,1.00 MI W OF IH 37,Concrete Frame (2 spans),1954,1993,43,99.1,Functionally Obsolete
SAN PEDRO AVE,IH 35 LOWER LEVEL,1.10 MI W OF IH 37,Concrete Frame (2 spans),1954,1993,44,92.9,Functionally Obsolete
IH 35,IH 10 WB CONN,DOWNTOWN Y I/C,Steel Stringer/Multi-beam or girder (18 spans),1954,1989,86.9,1671,Functionally Obsolete
BLANCO RD,DRAIN,0.3 MI S OF LP 410,Concrete Culvert (3 spans),1955,--,7.9,25.9,Functionally Obsolete
LA MANDA BLVD,MARTINEZ CREEK,0.06 MI W OF SALEM ST,Concrete Culvert (4 spans),1955,--,8.9,53.2,Functionally Obsolete
IH 35 SB ML,SPUR 422,1.80 MI SW OF LP 13,Steel Stringer/Multi-beam or girder (3 spans),1956,1974,80.1,202.1,Functionally Obsolete
IH 35 NB ML,SPUR 422,1.80 MI SW OF LP 13,Steel Stringer/Multi-beam or girder (3 spans),1956,1974,80.1,202.1,Functionally Obsolete
IH 35 NBML,LEON CR/ CASSIN RD,1.7 MI NE OF IH 410,Steel Stringer/Multi-beam or girder (6 spans),1956,1989,70.9,367.1,Functionally Obsolete
MARTIN ST EB,IH 10 WB,1.10 MI N OF SP 536,Concrete Frame,1957,--,36.1,38.1,Functionally Obsolete
FM 1937,MEDINA RIVER,1.75 MI N OF LOOP 1604,Concrete Slab (3 spans),1957,--,40,100.1,Functionally Obsolete
IH 35 SBFR,CONCEPCION CREEK,0.50 MI S OF US 90,Concrete Culvert (5 spans),1958,--,9.8,55.1,Functionally Obsolete
LOOP 13,SAN ANTONIO RIVER,0.80 MI E OF SPUR 536,Concrete Slab (11 spans),1958,1966,34.1,344.2,Functionally Obsolete
ST CLOUD RD,ALAZAN CREEK,0.30 MI N OF BANDERA RD,Concrete Slab (2 spans),1958,--,24.9,49.9,Functionally Obsolete
BUENA VISTA ST,"UPRR, MEDINA, COMAL, ETC",0.06 MI E OF RICHTER ST,Prestressed Stringer/Multi-beam or girder,1959,1989,100.1,1234,Functionally Obsolete
FRESNO DR,MARTINEZ CREEK,0.2 MI E OF IH 10,Concrete Culvert (5 spans),1959,--,9.8,54.1,Functionally Obsolete
NOGALITOS ST,SAN PEDRO CREEK,0.20 MI NE OF IH 10,Prestressed Stringer/Multi-beam or girder (5 spans),1959,--,53.2,262.2,Functionally Obsolete
VALLEY HI DRIVE,IH 410,1.2 MI S OF US 90,Steel Stringer/Multi-beam or girder (4 spans),1959,--,57.1,207,Functionally Obsolete
OLYMPIA PKWY,IH 35,1.16 MI S OF CIBOLO CREEK,Prestressed Stringer/Multi-beam or girder (5 spans),1960,--,65,305.1,Functionally Obsolete
IH 35 SBML,ZARZAMORA BLVD,0.65 MI S OF LP 13,Prestressed Stringer/Multi-beam or girder (11 spans),1960,1989,80.1,1014.2,Functionally Obsolete
IH 35 NBML,ZARZAMORA BLVD,0.65 MI S OF LP 13,Prestressed Stringer/Multi-beam or girder (5 spans),1960,1989,80.1,986.9,Functionally Obsolete
IH 35 SBML,SOMERSET RD,2.80 MI S OF LP 13,Steel Stringer/Multi-beam or girder (4 spans),1960,1989,78.1,598.1,Functionally Obsolete
IH 35 NBML,SOMERSET RD,2.80 MI S OF LP 13,Steel Stringer/Multi-beam or girder (4 spans),1960,1989,78.1,598.1,Functionally Obsolete
W HILDEBRAND AVE,MARTINEZ CREEK,2.2 MI S OF WEST AVE,Concrete Culvert (10 spans),1960,2002,9.8,111.9,Functionally Obsolete
FULTON AVE,MARTINEZ CREEK,2.50 MI S OF WEST AVE,Concrete Culvert (10 spans),1960,--,9.8,107,Functionally Obsolete
US 90 WB FR,IH 410,1.5 MI S OF MARBACH ROAD,Steel Stringer/Multi-beam or girder (4 spans),1960,--,60,299.9,Functionally Obsolete
US 90 EB FR,IH 410,1.5 MI S OF MARBACH ROAD,Steel Stringer/Multi-beam or girder (4 spans),1960,--,60,299.9,Functionally Obsolete
COMMERCIAL AVE,SIX MILE CREEK,0.95 MI N OF LP 410,Concrete Culvert (9 spans),1960,1992,9.8,98.1,Functionally Obsolete
OLD JUDSON RD,DRAW,0.1 MI E OF LOOKOUT RD.,Concrete Culvert (6 spans),1960,--,6.9,45.9,Functionally Obsolete
ROLAND AVE,W BRANCH SALADO CREEK,0.90 MI SE OF US 87,Concrete Culvert (8 spans),1960,--,6.9,66.9,Functionally Obsolete
ROLAND AVE,E BRANCH SALADO CREEK,1.30 MI SE OF US 87,Concrete Culvert (4 spans),1960,--,5.9,28.9,Functionally Obsolete
S JOSEPHINE TOBIN,ALAZAN CREEK,0.1 MI S OF WOODLAWN,Concrete Slab (5 spans),1961,--,30.8,152.9,Structurally Deficient
IH 410 SBML,IH 35 NBML,2.60 MI S OF FM 1976,Steel Stringer/Multi-beam or girder (3 spans),1961,--,86.9,229,Functionally Obsolete
IH 35 NB ML,MKT RR,2.20 MI E OF IH 37/US 281,Steel Stringer/Multi-beam or girder (5 spans),1962,--,75.1,377,Functionally Obsolete
IH 35 SB ML,MKT RR,2.20 MI E OF IH 37/US 281,Steel Stringer/Multi-beam or girder (5 spans),1962,--,75.1,377,Functionally Obsolete
NEW BRAUNFELS AVE,IH 35 ML'S,1.0 MI E OF IH 37/US 281,Steel Stringer/Multi-beam or girder (4 spans),1962,--,69.9,253.9,Functionally Obsolete
N PINE ST,"IH 35 ML'S, CONN 7",0.5 MI E OF IH 37/US 281,Steel Stringer/Multi-beam or girder (2 spans),1962,--,82,277.9,Functionally Obsolete
FM 2538/TRAINER H.,IH 10,1.82 MI E OF FM 1518,Prestressed Stringer/Multi-beam or girder (4 spans),1962,--,65,230,Functionally Obsolete
S LAREDO ST,APACHE CRK TRIBUTARY,0.2 MI W OF IH 35,Concrete Tee beam (2 spans),1962,--,36.1,111.9,Functionally Obsolete
MONTGOMERY ROAD,MEDINA RIVER,2.9 MI S OF US 90,Prestressed Stringer/Multi-beam or girder (4 spans),1963,--,62,216.9,Functionally Obsolete
FM 78,MARTINEZ CREEK,4.05 MI NE OF IH 410,Concrete Stringer/Multi-beam or girder (2 spans),1964,1995,29.9,61,Functionally Obsolete
LP 368,IH 410,0.15 MI W OF IH 35,Steel Stringer/Multi-beam or girder (4 spans),1964,--,79.1,251,Functionally Obsolete
IH 410 SB,LP13NB (CONN F FROM 410),1.2 MI NW OF IH 10,Steel Stringer/Multi-beam or girder (3 spans),1964,--,49.9,136.2,Functionally Obsolete
IH 410 NB,"FM 78, SPRR, BINZ-ENGLEM",2.00 MI NW OF IH 10,Steel Stringer/Multi-beam or girder (9 spans),1964,1994,49.9,390.1,Functionally Obsolete
EISENHAUER RD,SALADO CREEK,0.05 MI W OF HOLBROOK RD,Steel Stringer/Multi-beam or girder (10 spans),1964,--,58.1,514.1,Functionally Obsolete
W MARTIN ST,ALAZAN CREEK,0.05 MI W OF SAN JACINTO,Prestressed Slab (5 spans),1964,--,36.1,173.9,Functionally Obsolete
S COLORADO ST,ALAZAN CREEK,0.1 MI S OF BUENA VISTA,Steel Stringer/Multi-beam or girder (3 spans),1965,--,68.9,185,Functionally Obsolete
GUADALUPE ST WB LL,ALAZAN CREEK,0.45 MI W OF IH 35,Steel Stringer/Multi-beam or girder (5 spans),1965,--,37.1,187,Functionally Obsolete
GUADALUPE ST EB LL,ALAZAN CREEK,0.45 MI W OF IH 35,Steel Stringer/Multi-beam or girder (5 spans),1965,--,37.1,187,Functionally Obsolete
PECAN VALLEY DR,DRAINAGE DITCH,0.55 MI N OF US 87,Concrete Culvert (5 spans),1965,2001,7.9,44,Functionally Obsolete
VICAR DR,BEITEL CREEK,0.02MI E OF PERRIN BEITEL,Concrete Culvert (7 spans),1965,--,5.9,51.8,Functionally Obsolete
N ZARZAMORA ST,ALAZAN CREEK,0.5 MI S OF LP 421,Concrete Slab (4 spans),1965,--,32.2,129.9,Functionally Obsolete
IH 10 WFR,BALCONES CREEK,@ KENDALL COUNTY LINE,Concrete Slab (3 spans),1965,--,24.9,75.1,Functionally Obsolete
IH 10 EFR,BALCONES CREEK,@ KENDALL COUNTY LINE,Concrete Slab (3 spans),1965,--,24.9,75.1,Functionally Obsolete
TARPON DR,IH 10,1.9 MI S OF KENDALL C/L,Prestressed Stringer/Multi-beam or girder (2 spans),1966,--,65,211,Functionally Obsolete
GEMBLER RD,SALADO CREEK,0.8 MI W OF LOOP 13,Steel Stringer/Multi-beam or girder (9 spans),1966,1990,71.9,569.9,Functionally Obsolete
GUADALUPE ST ML'S,ALAZAN CREEK & UPRR,0.3 MI W OF IH 35,Steel Stringer/Multi-beam or girder (19 spans),1966,--,74.2,1445,Functionally Obsolete
S ALAMO ST,SAN ANTONIO RIVER,0.1 MI NE OF PROBANDT ST,Concrete Slab (3 spans),1967,--,30.8,92.9,Structurally Deficient
ALAMO & LOSOYA ST,SAN ANTONIO RIVER,0.01 MI N OF DOLOROSA ST,Prestressed Other,1967,1988,75.1,77.1,Functionally Obsolete
CLASSEN RD,ELM WATERHOLE CREEK,0.15 MI SE OF BULVERDE RD,Concrete Culvert (5 spans),1967,--,4.9,28.9,Functionally Obsolete
E MARKET ST,SAN ANTONIO RI EXTENSION,0.10 MI W OF BOWIE ST,Prestressed Other,1967,--,67.9,69.9,Functionally Obsolete
MEDICAL DR,ZARZAMORA CREEK,0.3 MI N OF BABCOCK RD,Concrete Culvert (3 spans),1967,--,9.8,33.1,Functionally Obsolete
THAMES DR.,DRAW-NO NAME,0.13 MI W OF SAN PEDRO,Concrete Culvert (3 spans),1967,--,7.9,42,Functionally Obsolete
SH 132,IH 35 ML,SH 132 AT IH 35,Steel Stringer/Multi-beam or girder (2 spans),1967,--,100.1,332,Functionally Obsolete
IH 35 NB,IH 10 CONNECTORS,IH 35 @ IH 10,Steel Stringer/Multi-beam or girder (4 spans),1967,1987,65,242.1,Functionally Obsolete
IH 35 SB,IH 10 CONNECTORS,IH 35 @ IH 10,Steel Stringer/Multi-beam or girder (4 spans),1967,1987,65,242.1,Functionally Obsolete
CUPPLES RD,SPUR 371,1.30 MI SW OF US 90,Steel Stringer/Multi-beam or girder (2 spans),1967,--,62,123,Functionally Obsolete
IH 10 CONN B-3,IH 35,IH 10 @ IH 35,Steel Stringer/Multi-beam or girder (8 spans),1967,--,85,483,Functionally Obsolete
IH 10 CONN B-2,IH 35,IH 10 @ IH 35,Steel Stringer/Multi-beam or girder (9 spans),1967,--,85,543,Functionally Obsolete
IH 10,IH 35,IH 10 @ IH 35,Steel Stringer/Multi-beam or girder (12 spans),1967,1987,80.1,848.1,Functionally Obsolete
IH 10 WB,IH 37 CONN,IH 10 @ IH 37,Steel Stringer/Multi-beam or girder (4 spans),1967,--,54.1,216.9,Functionally Obsolete
IH 10 EB,IH 37 CONN,IH 10 @ IH 37,Steel Stringer/Multi-beam or girder (4 spans),1967,--,54.1,216.9,Functionally Obsolete
SP 345,MARTINEZ CREEK,0.25 MI NW OF IH 10,Concrete Slab (4 spans),1967,--,38.1,142.1,Functionally Obsolete
S ACME RD,US 90,2.5 MI E OF LOOP 13,Steel Stringer/Multi-beam or girder (4 spans),1968,--,69.9,242.1,Functionally Obsolete
"US 90 WB CONN ""R""",US 90,0.10 MI W OF GEN MCMULLEN,Steel Stringer/Multi-beam or girder (4 spans),1968,--,69.9,272,Functionally Obsolete
S NEW BRAUNFELS AV,IH 10,1.20 MI E OF IH 37,Steel Stringer/Multi-beam or girder (2 spans),1968,--,80.1,258.9,Functionally Obsolete
S GEVERS ST,IH 10,1.50 MI E OF IH 37,Steel Stringer/Multi-beam or girder (2 spans),1968,--,80.1,258.9,Functionally Obsolete
IH 10 WBFR,LEON CREEK,0.15 MI N OF LP 1604,Prestressed Stringer/Multi-beam or girder (4 spans),1968,1988,55.1,205.1,Functionally Obsolete
IH 10 EBFR,LEON CREEK,0.15 MI N OF LP 1604,Prestressed Stringer/Multi-beam or girder (4 spans),1968,1988,55.1,205.1,Functionally Obsolete
IH 10 WB,DE ZAVALA RD,2.0 MI S OF LP 1604,Concrete Stringer/Multi-beam or girder (4 spans),1968,1994,40,160.1,Functionally Obsolete
IH 10 EB,DE ZAVALA RD,2.0 MI S OF LP 1604,Concrete Stringer/Multi-beam or girder (4 spans),1968,1994,40,160.1,Functionally Obsolete
GEN MCMULLEN DR NB,ZARZAMORA CREEK,0.20 MI N OF W COMMERCE,Prestressed Stringer/Multi-beam or girder (3 spans),1968,--,60,182.1,Functionally Obsolete
GEN MCMULLEN DR SB,ZARZAMORA CREEK,0.20 MI N OF W COMMERCE,Prestressed Stringer/Multi-beam or girder (3 spans),1968,--,60,182.1,Functionally Obsolete
SW 19TH ST,APACHE CRK,.2 MI S OF BUENA VISTA ST,Prestressed Stringer/Multi-beam or girder (2 spans),1968,--,76.1,151.9,Functionally Obsolete
S NEW BRAUNFELS AV,IH 37,1.65 MI S OF IH 10,Steel Stringer/Multi-beam or girder (2 spans),1969,--,120.1,379.9,Functionally Obsolete
HOT WELLS BLVD,IH 37,2.45 MI S OF IH 10,Steel Stringer/Multi-beam or girder (2 spans),1969,--,105,344.2,Functionally Obsolete
E SOUTHCROSS BLVD,SAN ANTONIO RIVER,0.2 MI E OF ROOSEVELT AVE,Prestressed Stringer/Multi-beam or girder (5 spans),1971,--,64,321.9,Functionally Obsolete
TIMBERHILL DR,DRAW,1.05 MI NW OF FM 471,Concrete Culvert (3 spans),1971,--,9.8,32.2,Functionally Obsolete
IH 37 SB/US 281 SB,"IH 35, ETC.",IH 35 & IH 37 INTERCHANGE,Steel Stringer/Multi-beam or girder (40 spans),1972,--,119.1,3334.2,Functionally Obsolete
IH 37 SB,MARKET ST,1.55 MI N OF IH 10,Prestressed Stringer/Multi-beam or girder (2 spans),1972,--,120.1,448.2,Functionally Obsolete
IH 37 NB OFF RAMP,MARKET ST,1.55 MI N OF IH 10,Prestressed Stringer/Multi-beam or girder (8 spans),1972,--,80.1,590.9,Functionally Obsolete
IH 37 NB,MARKET ST,1.55 MI N OF IH 10,Prestressed Stringer/Multi-beam or girder (2 spans),1972,--,120.1,519.1,Functionally Obsolete
BABCOCK RD,ZARZAMORA CREEK,0.30 MI NW OF WURZBACH RD,Concrete Culvert (6 spans),1972,--,8.9,58.1,Functionally Obsolete
DURANGO BLVD EB,SAN ANTONIO RIVER,0.2 MI SE OF MAIN ST,Concrete Box beam or girders - Multiple,1972,--,107,111.9,Functionally Obsolete
GUADALUPE ST,APACHE CREEK,0.14 MI E OF S HAMILTON,Concrete Slab (5 spans),1972,--,37.1,176.8,Functionally Obsolete
MOURSUND BLVD NB,SIX MILE CREEK,1.0 MI N OF IH 410,Concrete Slab (2 spans),1972,--,39,78.1,Functionally Obsolete
MOURSUND BLVD SB,SIX MILE CREEK,1.0 MI N OF IH 410,Concrete Slab (2 spans),1972,--,39,78.1,Functionally Obsolete
N WALTERS ST,UPRR & LARRY STREET,0.20 MI S OF IH 35,Steel Stringer/Multi-beam or girder (3 spans),1972,--,144,1006,Structurally Deficient
S ZARZAMORA ST,APACHE CREEK,.04 MI N OF S LAREDO ST,Concrete Slab (5 spans),1972,--,40,185,Functionally Obsolete
STARCREST DR,LORENCE CREEK,1.1 MI W OF WETMORE RD.,Concrete Culvert (2 spans),1973,--,9.8,21,Structurally Deficient
STARCREST DR,MUD CREEK,0.8 MI W OF WETMORE RD,Concrete Culvert (2 spans),1973,--,9.8,21,Functionally Obsolete
BINZ-ENGLEMAN RD,ROSILLO CRK W TRIBUTARY,0.15 MI W OF ACKERMAN RD,Concrete Culvert (6 spans),1973,--,7.9,60,Structurally Deficient
IH 35 WFR,ELM CREEK RELIEF,2.6 MI SW OF LOOP 1604,Concrete Culvert (6 spans),1974,--,7.9,59.1,Functionally Obsolete
W COMMERCE ST,ZARZAMORA CREEK,0.90 MI E OF CALLAGHAN,Concrete Slab (3 spans),1974,--,29.9,91.9,Functionally Obsolete
W COMMERCE ST,ZARZAMORA CREEK,1.50 MI E OF CALLAGHAN,Concrete Slab (5 spans),1974,1988,29.9,140.1,Functionally Obsolete
HUNT LANE,DRAIN,0.65 MI S. OF MARBACH RD.,Concrete Culvert (11 spans),1974,2003,7.9,109.9,Functionally Obsolete
W. MILITARY DR NB,TRIB. LEON CREEK,0.25 MI N OF MARBACH RD.,Concrete Slab (8 spans),1974,--,35.1,266.1,Functionally Obsolete
W. MILITARY DR SB,TRIB. LEON CREEK,0.25 MI N OF MARBACH RD.,Concrete Slab (8 spans),1974,--,35.1,266.1,Functionally Obsolete
S NEW BRAUNFELS AV,UNION PACIFIC RR,0.27 MI W OF S GEVERS ST.,Prestressed Box beam or girders - Multiple (3 spans),1975,--,44,109.9,Functionally Obsolete
PERRIN BEITEL RD.,BEITEL CREEK,0.44 MI S OF LOOP 410,Concrete Slab (5 spans),1975,--,36.1,165,Functionally Obsolete
US 281 NB,MUD CREEK,0.55 MI N OF LP 1604,Concrete Stringer/Multi-beam or girder (5 spans),1975,--,30.8,155.8,Functionally Obsolete
AIRPORT SB CONN.,US 281,0.45 MI S OF IH 410,Steel Stringer/Multi-beam or girder (2 spans),1976,--,100.1,319.9,Functionally Obsolete
US 281 SB,SUNSET ROAD,0.90 MI S OF IH 410,Prestressed Stringer/Multi-beam or girder,1976,1990,75.1,165,Functionally Obsolete
US 281 SB,JONES-MALTSBERGER RD,1.50 MI S OF IH 410,Prestressed Stringer/Multi-beam or girder (4 spans),1976,--,65,240.2,Functionally Obsolete
US 281 NB,JONES-MALTSBERGER RD,1.50 MI S IH 410,Prestressed Stringer/Multi-beam or girder (4 spans),1976,--,65,240.2,Functionally Obsolete
S WALTERS ST,UNION PACIFIC RR,0.05 MI N OF IH 10,Steel Stringer/Multi-beam or girder (3 spans),1976,--,40,102,Functionally Obsolete
N GEN MCMULLEN DR,APACHE CREEK,0.8 MI N OF W COMMERCE,Concrete Culvert (5 spans),1977,--,9.8,54.1,Functionally Obsolete
SP 537 NB-SAN PEDR,US 281,1.45 MI NW OF IH 410,Prestressed Stringer/Multi-beam or girder (2 spans),1977,--,115.2,310.1,Functionally Obsolete
US 281 SB,TULETA DR,0.25 MI S OF HILDEBRAND,Prestressed Stringer/Multi-beam or girder (6 spans),1978,--,125,730,Functionally Obsolete
BASSE RD,OLMOS CREEK,0.07 MI SW OF US 281,Concrete Slab (4 spans),1978,--,29.9,109.9,Functionally Obsolete
US 281 NB OFF-RP,OLMOS CREEK,0.03 MI S OF BASSE RD,Concrete Slab (4 spans),1978,--,29.9,109.9,Functionally Obsolete
US 281 NB,TULETA DR,0.25 MI S OF HILDEBRAND,Prestressed Stringer/Multi-beam or girder (6 spans),1978,--,125,730,Functionally Obsolete
ISOM RD,US 281,1.05 MI NW OF IH 410,Prestressed Stringer/Multi-beam or girder (2 spans),1978,--,80.1,264.1,Functionally Obsolete
SANDAU RD,US 281,1.65 MI S OF BITTERS RD,Prestressed Stringer/Multi-beam or girder (2 spans),1978,--,91.9,284.1,Functionally Obsolete
CEE GEE LN,DRAW,0.3 MI E OF BROADWAY,Concrete Culvert (3 spans),1979,--,12.1,43,Functionally Obsolete
CEE GEE LN,DRAW,AT N NEW BRAUNFELS,Concrete Culvert (2 spans),1979,--,7.9,36.1,Functionally Obsolete
MARTIN LUTHER KING,SALADO CREEK,0.65 MI W OF LOOP 13,Prestressed Stringer/Multi-beam or girder (11 spans),1979,--,69.9,672.9,Functionally Obsolete
PROBANDT ST,SAN PEDRO CREEK,0.18 MI S OF MITCHELL ST.,Concrete Stringer/Multi-beam or girder (7 spans),1979,--,40,259.9,Functionally Obsolete
TESORO DR,DRAW-NO NAME,0.15 MI SE OF BROADWAY AV,Concrete Culvert (3 spans),1979,--,6.9,24.9,Functionally Obsolete
NW 24TH ST,APACHE CREEK,0.1 MI S OF W COMMERCE ST,Prestressed Stringer/Multi-beam or girder (3 spans),1979,--,80.1,240.2,Functionally Obsolete
JONES MALTSBERGER,OLMOS CREEK,0.05 MI S OF BASSE RD,Concrete Culvert (6 spans),1979,--,9.8,75.1,Functionally Obsolete
JONES MALTSBERGER,OLMOS CREEK,0.45 MI S OF BASSE RD,Concrete Culvert (6 spans),1979,--,9.8,90.9,Functionally Obsolete
MARTIN ST WB,IH 10 WB,1.10 MI N OF SP 536,Prestressed Box beam or girders - Multiple,1980,--,64,65,Functionally Obsolete
N LOOP RD-NAKOMA,US 281,1.15 MI S OF E BITTERS RD,Prestressed Stringer/Multi-beam or girder (2 spans),1980,--,86.9,284.1,Functionally Obsolete
US 281,BITTERS RD,3.25 MI S OF LP 1604,Prestressed Stringer/Multi-beam or girder (2 spans),1980,1989,86.9,290,Functionally Obsolete
MARBACH RD,SLICK RANCH CREEK,0.2 MI W OF PINN RD,Concrete Slab (3 spans),1980,--,29.9,85,Functionally Obsolete
E. OLMOS DRIVE,OLMOS CR FLOODPLAIN,0.52 MI NE OF DEVINE RD,Prestressed Stringer/Multi-beam or girder (4 spans),1980,--,73.2,272,Functionally Obsolete
E. OLMOS DRIVE,OLMOS CREEK CHANNEL,0.4 MI NE OF DEVINE RD,Prestressed Stringer/Multi-beam or girder,1980,--,129.9,220.2,Functionally Obsolete
MH397(PINN RD.),MUD CREEK,.15 MI SO. OF MARBACH RD.,Concrete Slab (3 spans),1980,--,29.9,89.9,Functionally Obsolete
MH397(PINN RD.),MUD CRK(BR LEON CRK),.5 MI SO. OF MARBACK RD.,Concrete Culvert (7 spans),1980,--,9.8,75.1,Functionally Obsolete
BLANCO RD,OLMOS CREEK,1.9 MI S OF LP 410,Concrete Stringer/Multi-beam or girder (6 spans),1981,--,44,263.1,Functionally Obsolete
CALLAGHAN RD,ROCK CREEK,0.55 MI NE OF IH 10,Concrete Culvert (10 spans),1981,--,9.8,128,Functionally Obsolete
N. NEW BRAUNFELS,"UPRR,SHERMAN & SEGUIN ST",0.20 MI S OF IH 35,Prestressed Stringer/Multi-beam or girder (2 spans),1981,--,132.9,1287.1,Functionally Obsolete
NW 36TH STREET,ZARZAMORA CREEK,0.55 MI N OF W COMMERCE,Prestressed Box beam or girders - Multiple (3 spans),1981,--,62,186,Functionally Obsolete
O CONNOR RD,"UPRR, WEIDNER & BEITEL C",1.20 MI NW OF IH 35,Prestressed Stringer/Multi-beam or girder (6 spans),1982,--,80.1,630,Functionally Obsolete
MAINLAND DR,FRENCH CREEK,0.6 MI S OF BANDERA RD,Concrete Culvert (19 spans),1983,--,9.8,202.1,Functionally Obsolete
USAA BLVD,DRAW,0.1 MI E OF HUEBNER RD,Concrete Culvert (4 spans),1983,--,7.9,36.1,Functionally Obsolete
IH 35 SBML,STARLIGHT TERRACE,3.77 MI S OF SH 218,Prestressed Stringer/Multi-beam or girder (3 spans),1983,--,95.1,270,Functionally Obsolete
IH 35 NBML,STARLIGHT TERRACE,3.77 MI S OF SH 218,Prestressed Stringer/Multi-beam or girder (3 spans),1983,--,95.1,270,Functionally Obsolete
IH 35 SBML,IH 410 CONN,4.75 MI S OF SH 218,Steel Stringer/Multi-beam or girder (4 spans),1983,--,194.9,1085,Functionally Obsolete
IH 410 EB,LP 368 CONN P,0.45 MI E OF FM 2252,Prestressed Stringer/Multi-beam or girder (2 spans),1983,--,68.9,173.9,Functionally Obsolete
IH 410 SB FR,SLICK RANCH CREEK,0.4 MI S W OF MILITARY DR,Concrete Slab (7 spans),1983,--,25.9,179.1,Functionally Obsolete
IH 410 NB FR,SLICK RANCH CREEK,0.4 MI S W OF MILITARY DR,Concrete Slab (7 spans),1983,--,25.9,179.1,Functionally Obsolete
JUDSON RD,IH 35 ML,2.05 MI S OF SH 218,Prestressed Box beam or girders - Multiple (2 spans),1984,--,74.2,147,Functionally Obsolete
O'CONNOR RD,IH 35 ML,2.24 MI S OF SH 218,Prestressed Box beam or girders - Multiple (2 spans),1984,--,74.2,147,Functionally Obsolete
CAMP BULLIS BLVD,DRAW,1.60 MI SW OF IH 10,Prestressed Stringer/Multi-beam or girder (3 spans),1984,--,49.9,151.9,Functionally Obsolete
HUNT LANE,DRAINAGE DITCH,0.10 MI N OF MARBACH RD,Concrete Culvert (5 spans),1984,2003,9.8,55.1,Functionally Obsolete
POTRANCO RD,DRAW,0.10 MI N OF CULEBRA RD,Concrete Culvert (3 spans),1984,--,6.9,23,Functionally Obsolete
TEZEL RD,DRAW,0.10 MI N OF BRAUN RD,Concrete Culvert (9 spans),1984,--,7.9,79.1,Functionally Obsolete
TRAVIS ST,SAN PEDRO CREEK,0.01 MI W OF CAMARON ST,Prestressed Box beam or girders - Multiple,1984,--,58.1,58.1,Functionally Obsolete
BINZ ENGLEMAN RD,DRAW,0.5 MI E OF ACKERMAN RD,Concrete Culvert (4 spans),1985,--,4.9,25.9,Functionally Obsolete
BINZ-ENGLEMAN RD,DRAW,1.0 MI E OF ACKERMAN RD,Concrete Culvert (7 spans),1985,--,4.9,39,Functionally Obsolete
BINZ-ENGLEMAN RD,ACKERMAN CREEK,1.0 MI E OF ACKERMAN RD,Concrete Culvert (6 spans),1985,--,4.9,34.1,Functionally Obsolete
FLOYD CURL DR,DRAW,0.20 MI N OF HAMILTON WLF,Concrete Culvert (7 spans),1985,--,6.9,53.2,Functionally Obsolete
GUILBEAU RD,FRENCH CREEK,0.4 MI W OF BANDERA RD,Concrete Slab (5 spans),1985,--,40,182.1,Functionally Obsolete
JONES MALTSBERGER,LORENCE CREEK,0.8 MI S OF THOUSAND OAKS,Prestressed Stringer/Multi-beam or girder (4 spans),1985,--,74.2,443.9,Functionally Obsolete
WEST AVE,ROCK CREEK,0.2 MI S OF JCT LOOP 410,Prestressed Box beam or girders - Multiple (2 spans),1985,--,36.1,75.1,Functionally Obsolete
LP 353/NOGALTOS ST,IH 35,0.40 MI N OF US 90,Prestressed Box beam or girders - Multiple (2 spans),1985,--,116.1,219.2,Functionally Obsolete
LOOP 1604 WB FR,IH 35,IH 35/LP 1604 INTER,Prestressed Stringer/Multi-beam or girder (2 spans),1986,--,80.1,370.1,Functionally Obsolete
LOOP 1604 WB ML,IH 35,IH 35/LP 1604 INTER,Prestressed Stringer/Multi-beam or girder (2 spans),1986,--,80.1,370.1,Functionally Obsolete
LOOP 1604 EB ML,IH 35,IH35/LP 1604 INTER,Prestressed Stringer/Multi-beam or girder (2 spans),1986,--,80.1,370.1,Functionally Obsolete
LP1604 CONN (LP A),IH 35,O.10 MI S OF LOOP 1604,Prestressed Stringer/Multi-beam or girder (2 spans),1986,--,75.1,334,Functionally Obsolete
IH 35 NB COLL & FR,SH 218,0.34 MI S OF LP 1604,Prestressed Stringer/Multi-beam or girder,1986,--,89.9,200.1,Functionally Obsolete
IH 35 NB ML,SH 218,0.50 MI S OF LOOP 1604,Prestressed Stringer/Multi-beam or girder,1986,--,89.9,200.1,Functionally Obsolete
IH 35 SB ML,SH 218,0.50 MI S OF LOOP 1604,Prestressed Stringer/Multi-beam or girder,1986,--,89.9,200.1,Functionally Obsolete
LOOP 1604 EB FR,IH 35,IH 35/LP 1604 INTER,Prestressed Stringer/Multi-beam or girder (2 spans),1986,--,80.1,370.1,Functionally Obsolete
IH 35 NB,SAN PEDRO CREEK & RR,0.55 MI N OF IH 10,Prestressed Stringer/Multi-beam or girder (13 spans),1986,--,100.1,1816,Functionally Obsolete
NEWELL ST,SAN ANTONIO RIVER,0.25 MI W OF IH 37,Concrete Slab (6 spans),1986,--,24.9,152.9,Functionally Obsolete
FM 1560,TRIB OF CULEBRA CREEK,0.20 MI N OF FM 471,Concrete Culvert (6 spans),1986,--,5.9,39,Functionally Obsolete
FM 1560,TRIB OF CULEBRA CREEK,1.27 MI N OF FM 471,Concrete Culvert (5 spans),1986,--,5.9,32.2,Functionally Obsolete
TALLEY RD,DRAW,5.20 MI N OF FM 1957,Concrete Culvert (8 spans),1986,--,7.9,68.9,Functionally Obsolete
TALLEY RD,DRAW,4.60 MI N OF FM 1957,Concrete Culvert (9 spans),1986,--,7.9,80.1,Functionally Obsolete
TALLEY RD,DRAW,2.05 MI N OF FM 1957,Concrete Culvert (3 spans),1986,--,7.9,25.9,Functionally Obsolete
ECKHERT RD,DRAIN,0.20 MI SE OF HUEBNER RD,Concrete Culvert (12 spans),1986,--,9.8,130.9,Functionally Obsolete
FLOYD CURL DR,DRAIN,0.1 MI E OF HUEBNER RD,Concrete Culvert (4 spans),1986,--,9.8,43,Functionally Obsolete
GUILBEAU RD,DRAIN,0.8 MI W OF BANDERA RD,Concrete Culvert (4 spans),1986,--,8.9,38.1,Functionally Obsolete
HUEBNER RD,"OLMOS CREEK, WEST FORK",0.5 MI E OF LOCKHILL-SEL,Prestressed Stringer/Multi-beam or girder (5 spans),1986,--,91.9,460,Functionally Obsolete
JACKSON-KELLER,OLMOS CREEK,0.3 MI SE OF JCT LP 410,Concrete Stringer/Multi-beam or girder (3 spans),1986,--,40,120.1,Functionally Obsolete
W MILITARY DR (WB),CARACOL CREEK,0.30 MI W OF LOOP 1604,Prestressed Stringer/Multi-beam or girder (3 spans),1987,--,69.9,212.9,Functionally Obsolete
W MILITARY DR (EB),CARACOL CREEK,0.30 MI W OF LOOP 1604,Prestressed Stringer/Multi-beam or girder (3 spans),1987,--,69.9,212.9,Functionally Obsolete
BITTERS RD,PANTHER SPRING CREEK,2.20 MI NW OF IH 410,Prestressed Stringer/Multi-beam or girder (5 spans),1987,--,53.2,267.1,Functionally Obsolete
INGRAM RD.,DRAINAGE DITCH,0.05MI.N.OF LAKESIDE PKWY,Concrete Culvert (4 spans),1987,--,9.8,44,Functionally Obsolete
NACOGDOCHES RD,DRAW,1.2 MI N. OF BITTERS RD.,Concrete Culvert (8 spans),1987,--,8.9,88.9,Functionally Obsolete
E NUEVA ST,SAN ANTONIO RIVER,0.1 MI E OF MAIN ST,Prestressed Stringer/Multi-beam or girder (2 spans),1987,--,62,117.1,Functionally Obsolete
WETMORE RD.,SALADO CREEK,0.75 MI.N.OF BITTERS RD.,Prestressed Stringer/Multi-beam or girder (5 spans),1987,--,70.9,353,Functionally Obsolete
WURZBACH RD,ZARZAMORA CREEK,0.9 MI NE OF SH 16,Prestressed Stringer/Multi-beam or girder (2 spans),1987,--,74.2,148,Functionally Obsolete
IH 10 WBCL CONN,IH 10 WBFR,IH10 & LP1604 INTERCHANGE,Prestressed Stringer/Multi-beam or girder (3 spans),1987,--,116.1,445.9,Functionally Obsolete
LP 1604 WBML,US 281,US 281/LP 1604,Steel Stringer/Multi-beam or girder (3 spans),1987,--,200.1,480,Functionally Obsolete
FM 2696 / BLANCO,LP 1604,3.26 MI E OF FM 1535,Prestressed Stringer/Multi-beam or girder (2 spans),1987,2002,109.9,205.1,Functionally Obsolete
IH 35 SB,SAN PEDRO CREEK & RR,0.55 MI N OF IH 10,Prestressed Stringer/Multi-beam or girder (16 spans),1988,--,100.1,1816,Functionally Obsolete
IH 10 WB FR,ROSILLO CREEK,1.39 MI E OF IH 410,Prestressed Box beam or girders - Multiple (2 spans),1988,--,55.1,191.9,Functionally Obsolete
IH 10 EB FR,ROSILLO CREEK,1.39 MI E OF IH 410,Prestressed Box beam or girders - Multiple (2 spans),1988,--,55.1,191.9,Functionally Obsolete
AUE RD,NICHOLS CREEK,0.5 MI S OF FM 3351,Concrete Slab (3 spans),1988,--,45.9,122.1,Functionally Obsolete
IH 410 NBML,SH 151 EBFR,2.4 MI N OF US 90,Prestressed Stringer/Multi-beam or girder,1988,--,60,140.1,Functionally Obsolete
IH 410 SBML,SH 151 EBFR,2.4 MI N OF US 90,Prestressed Stringer/Multi-beam or girder,1988,--,60,140.1,Functionally Obsolete
ACME RD,SH 151 NB,0.02 MI N OF US 90,Prestressed Stringer/Multi-beam or girder,1988,--,74.2,75.1,Functionally Obsolete
OLD CASTROVILLE RD,SH 151 NB,0.07 MI N OF US 90,Prestressed Stringer/Multi-beam or girder,1988,--,77.1,77.1,Functionally Obsolete
E COMMERCE ST,SAN ANTONIO RIVER,0.20 MI W OF IH 35,Steel Truss - Deck,1988,--,73.2,140.1,Functionally Obsolete
E DURANGO BLVD,UP RR,0.25 MI SE OF IH 37,Prestressed Box beam or girders - Multiple (10 spans),1988,--,60,556.1,Functionally Obsolete
EVERS RD,ZARZAMORA CREEK,0.15 MI NW OF IH 410,Concrete Culvert (8 spans),1988,--,9.8,171.9,Functionally Obsolete
HEMPHILL DR,ZARZAMORA CREEK,0.2 MI EAST OF CALLAGHAN,Prestressed Box beam or girders - Multiple (5 spans),1988,--,44.9,225.1,Functionally Obsolete
HUEBNER RD SB,SALADO CREEK,0.6 MI NE OF MILITARY HY,Prestressed Stringer/Multi-beam or girder (5 spans),1988,--,63,321.9,Functionally Obsolete
HUEBNER RD NB,SALADO CREEK,0.6 MI NE OF MILITARY HWY,Prestressed Stringer/Multi-beam or girder (5 spans),1988,--,63,321.9,Functionally Obsolete
INGRAM ROAD,BRANCH OF LEON CREEK,0.2 MI. E. OF LOOP 151,Concrete Slab (7 spans),1988,--,24.9,174.9,Functionally Obsolete
NACOGDOCHES RD,MUD CREEK,0.60 MI SW OF WURZBACH P,Prestressed Stringer/Multi-beam or girder (2 spans),1988,--,59.1,117.1,Functionally Obsolete
NACOGDOCHES RD,SALADO CREEK,0.80 MI SW OF WURZBACH P,Prestressed Stringer/Multi-beam or girder (5 spans),1988,--,85,422.9,Functionally Obsolete
JONES MALTSBERGER,SALADO CREEK,0.4 MI S OF STARCREST,Concrete Slab (8 spans),1989,--,40,301.9,Functionally Obsolete
E MULBERRY AVE,SAN ANTONIO RIVER,0.3 MI W OF BROADWAY AVE,Prestressed Box beam or girders - Multiple,1989,--,80.1,80.1,Functionally Obsolete
IH 35 SB UL OFF RP,IH 35 ON-RP & GUADALUPE,0.20 MI N OF SP 536,Prestressed Segmental box girder (7 spans),1989,--,105,642.1,Functionally Obsolete
IH 35 NB UPPER LEV,CAMDEN - QUINCY ST,0.20 MI W OF IH 37,Prestressed Segmental box girder (6 spans),1989,--,108.9,1082.1,Functionally Obsolete
IH 35 NB ELEV ML,N FLORES-N ST. MARY'S ST,DOWNTOWN Y,Prestressed Segmental box girder (51 spans),1989,--,109.9,4911.3,Functionally Obsolete
FRONTAGE RD U-TURN,US 281,1.25 MI S OF BITTERS RD,Prestressed Stringer/Multi-beam or girder (2 spans),1989,--,86.9,284.1,Functionally Obsolete
IH 10 EB CONN,IH 35,DOWNTOWN Y,Steel Stringer/Multi-beam or girder (9 spans),1990,--,178.2,1194.9,Functionally Obsolete
WINDING WAY DR,US 281,2.7 MI S OF LP 1604,Prestressed Stringer/Multi-beam or girder,1990,--,130.9,159.1,Functionally Obsolete
US 281 NB,THOUSAND OAKS DR,1.14 MI S OF LP 1604,Prestressed Stringer/Multi-beam or girder (3 spans),1990,--,109.9,279.9,Functionally Obsolete
DONELLA DR,US 281,0.90 MI S OF LP 1604,Prestressed Stringer/Multi-beam or girder,1990,--,129.9,130.9,Functionally Obsolete
SOUTH TURNAROUND,US 281,0.02 MI S OF LP 1604,Prestressed Stringer/Multi-beam or girder,1990,1998,129.9,130.9,Functionally Obsolete
NORTH TURNAROUND,US 281,0.02 MI N OF LP 1604,Prestressed Stringer/Multi-beam or girder,1990,1998,129.9,130.9,Functionally Obsolete
SONTERRA BLVD.,US 281,0.35 MI N OF LP 1604,Prestressed Stringer/Multi-beam or girder (3 spans),1990,--,100.1,450.2,Functionally Obsolete
LP 1604 EBFR,US 281,0.01 MI S OF LP 1604,Prestressed Stringer/Multi-beam or girder,1990,1998,129.9,130.9,Functionally Obsolete
LP 1604 EBML,US 281,US 281/LP 1604,Steel Stringer/Multi-beam or girder (3 spans),1990,--,200.1,480,Functionally Obsolete
LP 1604 WB FR,US 281,7.83 MI S OF COMAL C/L,Prestressed Stringer/Multi-beam or girder,1990,--,129.9,130.9,Functionally Obsolete
MONTGOMERY RD,MARTINEZ CREEK,0.1 MI E OF NEW WORLD,Concrete Culvert (6 spans),1990,--,7.9,51.8,Functionally Obsolete
MECHLER RD,DRAW,2.47 MI S OF US 90,Concrete Culvert (4 spans),1990,--,6.9,30.8,Functionally Obsolete
MECHLER ROAD,SHERER CREEK,0.52 MI S OF US 90,Concrete Culvert (13 spans),1990,--,6.9,100.1,Functionally Obsolete
S FLORES ST,DRAW,0.70 MI N OF ROOSEVELT,Concrete Culvert (6 spans),1990,--,11.2,80.1,Functionally Obsolete
FLOYD CURL DR,ZARZAMORA CREEK,0.2 MI NW OF WURZBACH DR,Concrete Culvert (5 spans),1990,--,6.9,37.1,Functionally Obsolete
N FOSTER RD,DRAW,0.20 MI S OF IH 10,Concrete Culvert (3 spans),1990,--,13.1,40,Functionally Obsolete
NEW GUILBEAU RD,DRAW,0.90 MI SE OF LP 1604,Concrete Culvert (5 spans),1990,--,9.8,54.1,Functionally Obsolete
PRUE RD,DRAW,0.10 MI W OF LP 345,Concrete Culvert (4 spans),1990,2000,9.8,42,Functionally Obsolete
WURZBACH RD,OLMOS CREEK BRANCH,1.8 MI NE OF IH 10,Concrete Culvert (12 spans),1990,--,9.8,147,Functionally Obsolete
WURZBACH RD,OLMOS CREEK,1.25 MI NE OF IH 10,Concrete Culvert (7 spans),1990,--,9.8,74.2,Functionally Obsolete
BOERNE STAGE RD,BALCONES CREEK,6.0 MI W OF IH10,Concrete Culvert (4 spans),1991,--,7.9,37.1,Functionally Obsolete
W COMMERCE ST,SAN PEDRO CREEK,0.1 MI E OF N LAREDO ST,Prestressed Box beam or girders - Multiple,1991,--,32.2,34.1,Functionally Obsolete
HAUSMAN RD,LEON CREEK,1.5 MI WEST OF IH 10,Prestressed Box beam or girders - Multiple (8 spans),1991,--,55.1,440,Functionally Obsolete
HUNT LN,DRAW,0.2 MI N OF SH 151,Concrete Culvert (5 spans),1991,--,9.8,56.1,Functionally Obsolete
HUNT LN,DRAW,0.2 MI N OF SH 151,Concrete Culvert (17 spans),1991,--,9.8,256.9,Functionally Obsolete
LA CANTERA PKWY EB,FIESTA TEXAS DR,0.2 MI WEST OF IH 10,Prestressed Stringer/Multi-beam or girder,1991,--,84,84,Functionally Obsolete
LA CANTERA PKWY WB,FIESTA TEXAS DR,0.2 MI WEST OF IH 10,Prestressed Stringer/Multi-beam or girder,1991,--,87.9,87.9,Functionally Obsolete
IH 35 NB,IH 10 WB,DOWNTOWN Y,Steel Stringer/Multi-beam or girder (16 spans),1991,--,86.9,1377,Functionally Obsolete
IH 10 WBFR,LEON CREEK,0.65 MI N OF LP 1604,Prestressed Stringer/Multi-beam or girder (3 spans),1992,--,100.1,250,Functionally Obsolete
PECAN VALLEY DR,DRAW-,0.01 MI S OF ROLAND AVE,Concrete Culvert (3 spans),1992,--,7.9,30.8,Functionally Obsolete
HUEBNER RD,DRAW,0.4 MI S OF LP 1604,Concrete Culvert (5 spans),1993,--,9.8,62,Functionally Obsolete
IH 35 SB ELEV ML,CAMDEN ST TO N ST MARYS,0.20 MI W OF IH 37,Prestressed Segmental box girder (14 spans),1993,--,106,1345.2,Functionally Obsolete
IH 35 SB ELEV ML,SAN PEDRO TO BROOKLYN AV,DOWNTOWN Y,Prestressed Segmental box girder (39 spans),1993,--,115.2,4610.1,Functionally Obsolete
IH 10 WB,SANTA ROSA ST CONN,DOWNTOWN Y I/C,Steel Stringer/Multi-beam or girder (7 spans),1993,--,91.9,546.9,Functionally Obsolete
IH 10 EB ON RAMP,WOODLAWN AVE,0.60 MI N OF SP 421,Prestressed Segmental box girder (5 spans),1993,--,109.9,515.1,Functionally Obsolete
IH 10 EB UL OFF RP,N TRINITY-IH 10 ON RAMP,0.20 MI N OF SP 421,Prestressed Segmental box girder (6 spans),1993,--,105,605,Functionally Obsolete
IH 10 EB UL OFF RP,W POPLAR ST,0.80 MI SE OF SP 421,Prestressed Segmental box girder (9 spans),1993,--,109.9,910.1,Functionally Obsolete
S U-TURN@CALLAGHAN,IH 10,1.55 MI S OF WURZBACH RD,Prestressed Stringer/Multi-beam or girder (2 spans),1993,--,99.1,198.2,Functionally Obsolete
N U-TURN@CALLAGHAN,IH 10,1.45 MI S OF WURZBACH RD,Prestressed Stringer/Multi-beam or girder (2 spans),1993,--,99.1,198.2,Functionally Obsolete
IH 10 WB ON RAMP,SANTA ROSA ST CONN,DOWNTOWN Y I/C,Steel Stringer/Multi-beam or girder (2 spans),1993,--,75.1,212.9,Functionally Obsolete
IH 35 SB OFF RAMP,IH 10 WB,DOWNTOWN Y I/C,Steel Stringer/Multi-beam or girder (6 spans),1993,--,90.9,474.1,Functionally Obsolete
SP 53 (UTSA BLVD),IH 10,1.08 MI S OF LP 1604,Prestressed Box beam or girders - Multiple (2 spans),1994,--,105,210,Functionally Obsolete
IH 10 WBFR T/A,IH 10,1.10 MI S OF LP 1604,Prestressed Box beam or girders - Multiple (2 spans),1994,--,105,210,Functionally Obsolete
CALLAGHAN RD,IH 10,1.5 MI S OF WURZBACH RD,Prestressed Stringer/Multi-beam or girder (2 spans),1994,--,120.1,240.2,Functionally Obsolete
SP 345 / FRED. RD.,IH 410,0.60 MI SW OF IH 10,Prestressed Box beam or girders - Multiple (2 spans),1994,--,106,211,Functionally Obsolete
BEECH TRAIL DR,DRAW,0.45 MI S OF ELM TRAIL DR,Concrete Culvert (4 spans),1995,--,7.9,35.1,Functionally Obsolete
LP 1604 EB,HAUSMAN RD,1.48 MI NE OF SH 16,Prestressed Stringer/Multi-beam or girder (3 spans),1995,--,125,325.1,Functionally Obsolete
LP 1604 WB,HAUSMAN RD,1.48 MI NE OF SH 16,Prestressed Stringer/Multi-beam or girder (3 spans),1995,--,125,325.1,Functionally Obsolete
GOLD CANYON RD,LP 1604,0.68 MI E OF US 281,Prestressed Stringer/Multi-beam or girder (2 spans),1995,--,100.1,194.9,Functionally Obsolete
IH 10 WB EXIT RAMP,WURZBACH RD,4.80 MI S OF LP 1604,Prestressed Box beam or girders - Multiple (2 spans),1996,--,109.9,279.9,Functionally Obsolete
HUEBNER RD,DRAW,1.5 MI SW OF IH10,Concrete Culvert (9 spans),1996,--,12.1,106,Functionally Obsolete
HUEBNER RD,HUEBNER CREEK,2.75 MI SW OF IH10,Concrete Slab (6 spans),1996,--,26.9,153.9,Functionally Obsolete
E SOUTHCROSS BL EB,SALADO CREEK,0.4 MI E OF PECAN VALLEY,Prestressed Box beam or girders - Multiple (11 spans),1996,--,60,620.1,Functionally Obsolete
E SOUTHCROSS BL WB,SALADO CREEK,0.4 MI E OF PECAN VALLEY,Prestressed Box beam or girders - Multiple (11 spans),1996,--,60,620.1,Functionally Obsolete
WURZBACH PKY EB,WETMORE RD & UP RR,1.04 MI W OF NACOGDOCHES,Steel Stringer/Multi-beam or girder (3 spans),1996,--,190,950.2,Functionally Obsolete
WURZBACH PKY WB,WETMORE RD & UP RR,1.04 MI W OF NACOGDOCHES,Steel Stringer/Multi-beam or girder (3 spans),1996,--,190,950.2,Functionally Obsolete
SH 151 ML,FM 1957 (POTRANCO RD),1.3 MI NW OF IH 410,Prestressed Stringer/Multi-beam or girder,1997,2002,127,234.9,Functionally Obsolete
JUDSON RD,"MKT RR, LOOKOUT RD, DRAW",1.2 MI NW OF IH 35,Prestressed Stringer/Multi-beam or girder (6 spans),1997,--,115.2,670,Functionally Obsolete
THOUSAND OAKS DR,DRAW / PARK RD,0.77 MI NW OF IH 35,Prestressed Stringer/Multi-beam or girder (5 spans),1997,--,125,600.1,Functionally Obsolete
DONELLA NORTH T/A,US 281,0.90 MI S OF LP 1604,Prestressed Stringer/Multi-beam or girder,1998,--,129.9,131.9,Functionally Obsolete
IH 410WB EXIT RAMP,JACKSON KELLER ENT. RAMP,1.04 MI E OF IH 10,Prestressed Stringer/Multi-beam or girder,1998,--,125,674.9,Functionally Obsolete
OVERLOOK PKWY,DRAW,0.70 MI W OF US 281,Concrete Culvert (10 spans),1998,--,5.9,78.1,Functionally Obsolete
LOOKOUT RD,DRAW,3.40 MI SW OF COUNTY LINE,Concrete Culvert (3 spans),1998,--,6.9,26.9,Functionally Obsolete
MONTGOMERY ROAD,DRAW,0.1 MI W OF GLEN MONT,Concrete Culvert (6 spans),1999,--,6.9,53.2,Functionally Obsolete
WURZBACH PKY EB,NACOGDOCHES RD,0.97 MI E OF WETMORE RD,Prestressed Stringer/Multi-beam or girder (3 spans),1999,--,100.1,270,Functionally Obsolete
WURZBACH PKY EB,THOUSAND OAKS RD,1.05 MI E PERRIN BEITEL,Prestressed Stringer/Multi-beam or girder (3 spans),1999,--,109.9,279.9,Functionally Obsolete
WURZBACH PKY WB,THOUSAND OAKS DRIVE,1.05 MI E PERRIN BEITEL,Prestressed Stringer/Multi-beam or girder (3 spans),1999,--,109.9,279.9,Functionally Obsolete
N U-TURN @ MEDICAL,IH 10,0.65 MI S OF WURZBACH RD,Prestressed Stringer/Multi-beam or girder (2 spans),1999,--,89.9,227,Functionally Obsolete
MEDICAL DR,IH 10,0.70 MI S OF WURZBACH RD,Prestressed Stringer/Multi-beam or girder (2 spans),1999,--,89.9,227,Functionally Obsolete
S U-TURN @ MEDICAL,IH 10,0.75 MI S OF WURZBACH RD,Prestressed Stringer/Multi-beam or girder (2 spans),1999,--,89.9,227,Functionally Obsolete
IH 10 EB,WURZBACH RD,4.80 MI S OF LP 1604,Prestressed Box beam or girders - Multiple (4 spans),1999,--,60,220.2,Functionally Obsolete
IH 10 WB,WURZBACH RD,4.80 MI S OF LP 1604,Prestressed Box beam or girders - Multiple (4 spans),1999,--,60,220.2,Functionally Obsolete
AIRPORT BLVD WTA,IH 410,0.1 MI E OF US 281,Prestressed Box beam or girders - Multiple (2 spans),2000,--,81,163.1,Functionally Obsolete
BABCOCK RD,LEON CREEK,0.8 MI S OF HAUSMAN RD,Prestressed Stringer/Multi-beam or girder (6 spans),2000,--,73.2,440,Functionally Obsolete
HARDY OAKS BLVD,DRAW,1.30 MI N OF STONE OAK,Concrete Culvert (4 spans),2000,--,7.9,36.1,Functionally Obsolete
STAHL RD,SALADO CREEK,0.2 MI E OF BULVERDE RD,Concrete Culvert (10 spans),2000,--,9.8,106,Functionally Obsolete
MONTGOMERY DR,DRAW,0.07 MI E OF WALZEM RD.,Concrete Culvert (4 spans),2000,--,5.9,30.8,Functionally Obsolete
NB CONN TO AIRPORT,AIRPORT BLVD,AT US 281 AND IH 410,Prestressed Stringer/Multi-beam or girder (16 spans),2001,--,118.1,1824.2,Functionally Obsolete
JONES MALTSBGR WTA,IH 410,0.90 MI E OF SPUR 537,Prestressed Box beam or girders - Multiple (2 spans),2001,--,92.9,185,Functionally Obsolete
JONES MALTSBERGER,IH 410,0.90 MI E OF SPUR 537,Prestressed Box beam or girders - Multiple (2 spans),2001,--,92.9,185,Functionally Obsolete
JONES MALTSBGR ETA,IH 410,0.90 MI E OF SPUR 537,Prestressed Box beam or girders - Multiple (2 spans),2001,--,92.9,185,Functionally Obsolete
US 281 NB EXIT RP,IH 410 MAINLANES,US 281 INTERCHANGE,Prestressed Stringer/Multi-beam or girder (10 spans),2001,--,118.1,1039.1,Functionally Obsolete
IH410EB TO IH10EB,IH 410 EB COLLECTOR,IH 10 & IH 410 INTERCH,Steel Stringer/Multi-beam or girder (5 spans),2002,--,214.9,2465,Functionally Obsolete
WB U-TURN @ BLANCO,LP 1604,3.26 MI E OF FM 1535,Prestressed Stringer/Multi-beam or girder (2 spans),2002,--,109.9,206,Functionally Obsolete
EB TA AT BLANCO RD,LP 1604,3.26 MI E OF FM 1535,Prestressed Stringer/Multi-beam or girder (2 spans),2002,--,109.9,206,Functionally Obsolete
E EVANS RD,ALAMO CEMENT CO HAUL RD,4.35 MI E OF BULVERDE RD,Prestressed Box beam or girders - Multiple (2 spans),2002,--,49.9,103,Functionally Obsolete
HARDY OAKS BLVD,DRAW,1.80 MI N OF STONE OAK,Concrete Culvert (8 spans),2002,--,8.9,70.9,Functionally Obsolete
BRAUN RD,HELOTES CREEK,1.10 MI E OF FM 1560,Prestressed Stringer/Multi-beam or girder (4 spans),2003,--,75.1,299.9,Functionally Obsolete
LOCKHILL-SELMA RD.,DRAIN,0.30 MI SE OF LOOP 1604,Concrete Culvert (8 spans),2003,--,4.9,44,Functionally Obsolete
LOCKHILL-SELMA RD.,DRAIN,0.9 MI S OF LOOP 1604,Concrete Culvert (6 spans),2003,--,4.9,33.1,Functionally Obsolete
LOCKHILL-SELMA RD.,DRAIN,1.4 MI S OF LOOP 1604,Concrete Culvert (4 spans),2003,--,5.9,25.9,Functionally Obsolete
IH 410 WB CONN,IH 410 WBFR & ENTR RAMP,.5 MI W OF BLANCO RD,Prestressed Stringer/Multi-beam or girder (5 spans),2003,--,115.2,674.9,Functionally Obsolete
IH 410 WB EXIT RMP,IH 410 WB ENTRANCE RAMP,1.65 MI W OF US 281,Prestressed Stringer/Multi-beam or girder (10 spans),2003,--,85,762.2,Functionally Obsolete