Campus Name,District Name,AVG ACT Campus,"ACT AVG vs Max (36)
",AVG SAT Campus,SAT Avg vs Max (2400),San Antonio Region
CAYUGA H S,CAYUGA ISD,20.2,36,1483,2400,n
ELKHART H S,ELKHART ISD,-1,36,1417,2400,n
FRANKSTON H S,FRANKSTON ISD,18.3,36,1312,2400,n
NECHES H S,NECHES ISD,19.9,36,1284,2400,n
PALESTINE H S,PALESTINE ISD,19.7,36,1392,2400,n
WESTWOOD H S,WESTWOOD ISD,20,36,1417,2400,n
SLOCUM H S,SLOCUM ISD,23.7,36,1571,2400,n
ANDREWS H S,ANDREWS ISD,20.9,36,1495,2400,n
ANDREWS EDUCATION CENTER,ANDREWS ISD,-1,36,0,2400,n
HUDSON H S,HUDSON ISD,20.7,36,1410,2400,n
LUFKIN H S,LUFKIN ISD,18.6,36,1473,2400,n
HUNTINGTON H S,HUNTINGTON ISD,21,36,1458,2400,n
DIBOLL H S,DIBOLL ISD,19.5,36,1477,2400,n
ZAVALLA H S,ZAVALLA ISD,22.6,36,1401,2400,n
CENTRAL H S,CENTRAL ISD,-1,36,1419,2400,n
ROCKPORT-FULTON H S,ARANSAS COUNTY ISD,20.7,36,1374,2400,n
ARCHER CITY H S,ARCHER CITY ISD,20.5,36,1487,2400,n
HOLLIDAY H S,HOLLIDAY ISD,23.3,36,1539,2400,n
WINDTHORST H S,WINDTHORST ISD,22.4,36,1514,2400,n
CLAUDE H S,CLAUDE ISD,21.9,36,-1,2400,n
CHARLOTTE H S,CHARLOTTE ISD,17,36,1182,2400,y
JOURDANTON H S,JOURDANTON ISD,21,36,1358,2400,y
LYTLE H S,LYTLE ISD,18.3,36,1342,2400,y
PLEASANTON H S,PLEASANTON ISD,20.4,36,1390,2400,y
POTEET H S,POTEET ISD,17.2,36,1309,2400,y
BELLVILLE H S,BELLVILLE ISD,22.7,36,1474,2400,n
SEALY H S,SEALY ISD,19.6,36,1358,2400,n
BRAZOS H S,BRAZOS ISD,21.1,36,1407,2400,n
MULESHOE H S,MULESHOE ISD,18.8,36,-1,2400,n
MEDINA H S,MEDINA ISD,21.3,36,1388,2400,y
BANDERA H S,BANDERA ISD,20.8,36,1423,2400,y
BASTROP H S,BASTROP ISD,20,36,1405,2400,n
GENESIS H S,BASTROP ISD,0,36,-1,2400,n
ELGIN H S,ELGIN ISD,17.8,36,1362,2400,n
SMITHVILLE H S,SMITHVILLE ISD,21,36,1447,2400,n
SEYMOUR H S,SEYMOUR ISD,22.6,36,-1,2400,n
A C JONES H S,BEEVILLE ISD,19.6,36,1475,2400,n
PETTUS H S,PETTUS ISD,17.4,36,1282,2400,n
SKIDMORE-TYNAN H S,SKIDMORE-TYNAN ISD,20.3,36,1370,2400,n
RICHARD MILBURN ALTER H S (KILLEEN,RICHARD MILBURN ALTER HIGH SCHOOL,-1,36,1197,2400,n
PRIORITY CHARTER SCHOOLS-TEMPLE,PRIORITY CHARTER SCHOOLS,0,36,1578,2400,n
GATEWAY COLLEGE PREPARATORY SCHOOL,ORENDA CHARTER SCHOOL,-1,36,1486,2400,n
ACADEMY H S,ACADEMY ISD,23.6,36,1526,2400,n
BARTLETT SCHOOLS,BARTLETT ISD,-1,36,1121,2400,n
BELTON H S,BELTON ISD,22.6,36,1465,2400,n
HOLLAND H S,HOLLAND ISD,19.2,36,1420,2400,n
KILLEEN H S,KILLEEN ISD,19.7,36,1376,2400,n
C E ELLISON H S,KILLEEN ISD,19,36,1358,2400,n
PATHWAYS ACADEMIC CAMPUS,KILLEEN ISD,0,36,1021,2400,n
HARKER HEIGHTS H S,KILLEEN ISD,20.7,36,1436,2400,n
ROBERT M SHOEMAKER H S,KILLEEN ISD,20.4,36,1323,2400,n
ROGERS H S,ROGERS ISD,21.3,36,1396,2400,n
SALADO H S,SALADO ISD,24.4,36,1541,2400,n
TEMPLE H S,TEMPLE ISD,21.6,36,1449,2400,n
FRED W EDWARDS ACADEMY AEC,TEMPLE ISD,0,36,-1,2400,n
TROY H S,TROY ISD,20.1,36,1476,2400,n
POR VIDA ACADEMY CHARTER H S,POR VIDA ACADEMY,0,36,1010,2400,y
CORPUS CHRISTI COLLEGE PREP H S,POR VIDA ACADEMY,0,36,-1,2400,y
CESAR E CHAVEZ ACADEMY,POR VIDA ACADEMY,0,36,-1,2400,y
GEORGE GERVIN ACADEMY,GEORGE GERVIN ACADEMY,-1,36,0,2400,y
THE EDUCATION AND TRAINING CENTER,GEORGE GERVIN ACADEMY,0,36,-1,2400,y
HIGGS CARTER KING GIFTED & TALENTE,HIGGS CARTER KING GIFTED & TALENTE,0,36,-1,2400,y
MILTON B LEE ACADEMY OF SCIENCE &,SCHOOL OF EXCELLENCE IN EDUCATION,0,36,1240,2400,y
SOUTHWEST PREPARATORY SCHOOL,SOUTHWEST PREPARATORY SCHOOL,0,36,-1,2400,y
SOUTHWEST PREPARATORY SOUTHEAST CA,SOUTHWEST PREPARATORY SCHOOL,0,36,-1,2400,y
SOUTHWEST PREPARATORY SCHOOL-NORTH,SOUTHWEST PREPARATORY SCHOOL,-1,36,1276,2400,y
POSITIVE SOLUTIONS CHARTER,POSITIVE SOLUTIONS CHARTER SCHOOL,0,36,-1,2400,y
RADIANCE ACADEMY OF LEARNING WESTL,RADIANCE ACADEMY OF LEARNING,-1,36,-1,2400,y
ACADEMY OF CAREERS AND TECHNOLOGIE,ACADEMY OF CAREERS AND TECHNOLOGIE,16.1,36,0,2400,y
SAN ANTONIO CAN H S,SAN ANTONIO CAN HIGH SCHOOL,18.6,36,0,2400,y
SHEKINAH RADIANCE ACADEMY,SHEKINAH RADIANCE ACADEMY,0,36,-1,2400,y
SAN ANTONIO SCHOOL FOR INQUIRY,SAN ANTONIO SCHOOL FOR INQUIRY & C,0,36,1182,2400,y
JUBILEE ACADEMY,JUBILEE ACADEMIC CENTER,-1,36,1225,2400,y
ALPHA ACADEMY,JUBILEE ACADEMIC CENTER,0,36,1353,2400,y
SAN ANTONIO TECHNOLOGY ACADEMY,SAN ANTONIO TECHNOLOGY ACADEMY,0,36,-1,2400,y
SCHOOL OF SCIENCE AND TECH-SAN A,SCHOOL OF SCIENCE AND TECHNOLOGY,25.8,36,1688,2400,y
HARMONY SCIENCE ACAD-SAN ANTONIO,HARMONY SCIENCE ACAD (SAN ANTONIO),21.6,36,1483,2400,y
BROOKS ACADEMY OF SCIENCE AND ENGI,BROOKS ACADEMY OF SCIENCE AND ENGI,23,36,1357,2400,y
HENRY FORD ACADEMY ALAMEDA SCHOOL,HENRY FORD ACADEMY ALAMEDA SCHOOL,0,36,1242,2400,y
ALAMO HEIGHTS H S,ALAMO HEIGHTS ISD,23.9,36,1644,2400,y
HARLANDALE H S,HARLANDALE ISD,19.1,36,1297,2400,y
MCCOLLUM H S,HARLANDALE ISD,17.2,36,1243,2400,y
FRANK M TEJEDA ACADEMY,HARLANDALE ISD,0,36,-1,2400,y
JOHN F KENNEDY HIGH SCHOOL,EDGEWOOD ISD,16.1,36,1165,2400,y
MEMORIAL HIGH SCHOOL,EDGEWOOD ISD,16.3,36,1169,2400,y
RANDOLPH H S,RANDOLPH FIELD ISD,22.3,36,1572,2400,y
BRACKENRIDGE H S,SAN ANTONIO ISD,16.5,36,1226,2400,y
BURBANK H S,SAN ANTONIO ISD,18.6,36,1287,2400,y
EDISON H S,SAN ANTONIO ISD,16.9,36,1195,2400,y
FOX TECHNICAL H S,SAN ANTONIO ISD,18.1,36,1280,2400,y
HIGHLANDS H S,SAN ANTONIO ISD,16.7,36,1204,2400,y
HOUSTON H S,SAN ANTONIO ISD,15.8,36,1109,2400,y
JEFFERSON H S,SAN ANTONIO ISD,16.3,36,1190,2400,y
LANIER H S,SAN ANTONIO ISD,16.3,36,1185,2400,y
NAVARRO ACADEMY,SAN ANTONIO ISD,0,36,-1,2400,y
TRAVIS EARLY COLLEGE H S,SAN ANTONIO ISD,19.4,36,1360,2400,y
YOUNG WOMEN'S LEADERSHIP ACADEMY,SAN ANTONIO ISD,0,36,-1,2400,y
COOPER ACADEMY,SAN ANTONIO ISD,0,36,-1,2400,y
HEALY-MURPHY,SAN ANTONIO ISD,0,36,-1,2400,y
SOUTH SAN ANTONIO H S,SOUTH SAN ANTONIO ISD,17.7,36,1258,2400,y
SOMERSET H S,SOMERSET ISD,18,36,1238,2400,y
LEE H S,NORTH EAST ISD,19.2,36,1412,2400,y
MACARTHUR H S,NORTH EAST ISD,21.3,36,1484,2400,y
CHURCHILL H S,NORTH EAST ISD,23,36,1567,2400,y
ROOSEVELT H S,NORTH EAST ISD,19.9,36,1360,2400,y
MADISON H S,NORTH EAST ISD,20.7,36,1433,2400,y
REAGAN H S,NORTH EAST ISD,23.4,36,1576,2400,y
ACADEMY OF CREATIVE ED,NORTH EAST ISD,-1,36,1462,2400,y
INTERNATIONAL SCHOOL OF AMERICA,NORTH EAST ISD,23.2,36,1601,2400,y
JOHNSON H S,NORTH EAST ISD,22.6,36,1581,2400,y
EAST CENTRAL H S,EAST CENTRAL ISD,19.5,36,1333,2400,y
SOUTHWEST H S,SOUTHWEST ISD,18.3,36,1324,2400,y
VIRGINIA ALLRED STACEY JR/SR H S,LACKLAND ISD,22,36,1566,2400,y
ROBERT G COLE MIDDLE/HIGH SCHOOL,FT SAM HOUSTON ISD,21.7,36,1482,2400,y
HOLMES H S,NORTHSIDE ISD,18.9,36,1289,2400,y
JAY H S,NORTHSIDE ISD,20.1,36,1346,2400,y
MARSHALL H S,NORTHSIDE ISD,21.1,36,1437,2400,y
HOLMGREEN CENTER,NORTHSIDE ISD,0,36,-1,2400,y
CLARK H S,NORTHSIDE ISD,22.8,36,1515,2400,y
HEALTH CAREERS H S,NORTHSIDE ISD,24.9,36,1686,2400,y
TAFT H S,NORTHSIDE ISD,21.1,36,1438,2400,y
EXCEL ACADEMY,NORTHSIDE ISD,0,36,-1,2400,y
O'CONNOR H S,NORTHSIDE ISD,21.3,36,1445,2400,y
WARREN H S,NORTHSIDE ISD,20.8,36,1382,2400,y
STEVENS H S,NORTHSIDE ISD,20,36,1303,2400,y
BRANDEIS H S,NORTHSIDE ISD,21.6,36,1467,2400,y
BRENNAN H S,NORTHSIDE ISD,19.5,36,1346,2400,y
JUDSON H S,JUDSON ISD,19.3,36,1361,2400,y
JUDSON LEARNING ACAD,JUDSON ISD,-1,36,-1,2400,y
KAREN WAGNER H S,JUDSON ISD,18.3,36,1251,2400,y
JUDSON EVENING H S,JUDSON ISD,0,36,-1,2400,y
SOUTHSIDE H S,SOUTHSIDE ISD,18,36,1273,2400,y
LYNDON B JOHNSON H S,JOHNSON CITY ISD,19.2,36,1448,2400,n
BLANCO H S,BLANCO ISD,19.6,36,1416,2400,n
BORDEN COUNTY SCHOOL,BORDEN COUNTY ISD,21.8,36,0,2400,n
CLIFTON H S,CLIFTON ISD,22.2,36,1572,2400,n
MERIDIAN H S,MERIDIAN ISD,20.2,36,1445,2400,n
MORGAN SCHOOL,MORGAN ISD,0,36,-1,2400,n
VALLEY MILLS H S,VALLEY MILLS ISD,21.7,36,1480,2400,n
WALNUT SPRINGS SCHOOL,WALNUT SPRINGS ISD,16.7,36,-1,2400,n
IREDELL SCHOOL,IREDELL ISD,-1,36,1316,2400,n
KOPPERL SCHOOL,KOPPERL ISD,-1,36,-1,2400,n
CRANFILLS GAP SCHOOL,CRANFILLS GAP ISD,-1,36,-1,2400,n
DEKALB H S,DEKALB ISD,19.6,36,1513,2400,n
HOOKS H S,HOOKS ISD,19.7,36,0,2400,n
MAUD SCHOOL,MAUD ISD,19,36,-1,2400,n
NEW BOSTON H S,NEW BOSTON ISD,19.1,36,-1,2400,n
REDWATER H S,REDWATER ISD,21,36,-1,2400,n
TEXAS H S,TEXARKANA ISD,20.6,36,1548,2400,n
OPTIONS,TEXARKANA ISD,20.8,36,0,2400,n
LIBERTY-EYLAU H S,LIBERTY-EYLAU ISD,18.2,36,1372,2400,n
LIBERTY-EYLAU SCHOOL OF SUCCESS,LIBERTY-EYLAU ISD,-1,36,0,2400,n
JAMES BOWIE H S,SIMMS ISD,18.1,36,0,2400,n
PLEASANT GROVE H S,PLEASANT GROVE ISD,21.6,36,-1,2400,n
ALVIN H S,ALVIN ISD,20.8,36,1408,2400,n
MANVEL H S,ALVIN ISD,20.2,36,1385,2400,n
ASSETS,ALVIN ISD,-1,36,-1,2400,n
ANGLETON H S,ANGLETON ISD,21.2,36,1401,2400,n
DANBURY H S,DANBURY ISD,-1,36,1448,2400,n
BRAZOSPORT H S,BRAZOSPORT ISD,18.3,36,1290,2400,n
BRAZOSWOOD H S,BRAZOSPORT ISD,22.8,36,1547,2400,n
SWEENY H S,SWEENY ISD,20.7,36,1384,2400,n
COLUMBIA H S,COLUMBIA-BRAZORIA ISD,20.2,36,1349,2400,n
PEARLAND H S,PEARLAND ISD,22.2,36,1467,2400,n
PACE CENTER,PEARLAND ISD,-1,36,0,2400,n
GLENDA DAWSON H S,PEARLAND ISD,20.8,36,1507,2400,n
BRAZOS SCHOOL FOR INQUIRY AND CREA,BRAZOS SCHOOL FOR INQUIRY & CREATI,-1,36,0,2400,n
A & M CONS H S,COLLEGE STATION ISD,23.3,36,1618,2400,n
TRAVIS B BRYAN H S,BRYAN ISD,20.2,36,1445,2400,n
JAMES EARL RUDDER H S,BRYAN ISD,18.5,36,1357,2400,n
BRYAN COLLEGIATE H S,BRYAN ISD,19.6,36,1387,2400,n
BIG BEND H S,TERLINGUA CSD,-1,36,0,2400,n
ALPINE H S,ALPINE ISD,20.7,36,1348,2400,n
MARATHON INDEPENDENT SCHOOL DIST,MARATHON ISD,-1,36,0,2400,n
SILVERTON SCHOOL,SILVERTON ISD,23.2,36,-1,2400,n
FALFURRIAS H S,BROOKS COUNTY ISD,18.3,36,1250,2400,n
BANGS H S,BANGS ISD,19.8,36,1326,2400,n
BROWNWOOD H S,BROWNWOOD ISD,20.9,36,1443,2400,n
BROWNWOOD ACCELERATED H S,BROWNWOOD ISD,-1,36,-1,2400,n
BLANKET SCHOOL,BLANKET ISD,18.3,36,0,2400,n
MAY H S,MAY ISD,16.8,36,-1,2400,n
ZEPHYR SCHOOL,ZEPHYR ISD,21.2,36,-1,2400,n
BROOKESMITH SCHOOL,BROOKESMITH ISD,-1,36,0,2400,n
EARLY H S,EARLY ISD,21.1,36,1486,2400,n
CALDWELL H S,CALDWELL ISD,20.8,36,1465,2400,n
SOMERVILLE H S,SOMERVILLE ISD,0,36,1294,2400,n
SNOOK SECONDARY,SNOOK ISD,23.4,36,1381,2400,n
BURNET H S,BURNET CISD,19.5,36,1337,2400,n
QUEST,BURNET CISD,-1,36,-1,2400,n
MARBLE FALLS H S,MARBLE FALLS ISD,21.1,36,1455,2400,n
FALLS CAREER H S,MARBLE FALLS ISD,0,36,1410,2400,n
LOCKHART H S,LOCKHART ISD,18.4,36,1392,2400,n
LULING H S,LULING ISD,18.6,36,1415,2400,n
PRAIRIE LEA SCHOOL,PRAIRIE LEA ISD,21.3,36,1483,2400,n
CALHOUN H S,CALHOUN COUNTY ISD,21,36,1462,2400,n
CROSS PLAINS H S,CROSS PLAINS ISD,22.7,36,0,2400,n
CLYDE H S,CLYDE CISD,21.1,36,1438,2400,n
BAIRD H S,BAIRD ISD,16.9,36,-1,2400,n
EULA H S,EULA ISD,22.2,36,1548,2400,n
HANNA H S,BROWNSVILLE ISD,20.8,36,1341,2400,n
PORTER H S,BROWNSVILLE ISD,17.7,36,1242,2400,n
PACE H S,BROWNSVILLE ISD,16.7,36,1246,2400,n
RIVERA H S,BROWNSVILLE ISD,18.6,36,1274,2400,n
LOPEZ H S,BROWNSVILLE ISD,19.3,36,1269,2400,n
BROWNSVILLE EARLY COLLEGE H S,BROWNSVILLE ISD,-1,36,1370,2400,n
VETERANS MEMORIAL H S,BROWNSVILLE ISD,0,36,-1,2400,n
HARLINGEN H S,HARLINGEN CISD,17.4,36,1278,2400,n
HARLINGEN H S - SOUTH,HARLINGEN CISD,19,36,1373,2400,n
KEYS ACAD,HARLINGEN CISD,0,36,-1,2400,n
EARLY COLLEGE H S,HARLINGEN CISD,18.9,36,1364,2400,n
LA FERIA H S,LA FERIA ISD,17.8,36,1314,2400,n
LOS FRESNOS H S,LOS FRESNOS CISD,19.2,36,1292,2400,n
PORT ISABEL H S,POINT ISABEL ISD,20.3,36,1273,2400,n
RIO HONDO H S,RIO HONDO ISD,17.2,36,1188,2400,n
SAN BENITO H S,SAN BENITO CISD,17.7,36,1270,2400,n
SANTA MARIA H S,SANTA MARIA ISD,14.7,36,1175,2400,n
SANTA ROSA H S,SANTA ROSA ISD,15.3,36,-1,2400,n
SOUTH TEXAS BUSINESS EDUCATION & T,SOUTH TEXAS ISD,19.6,36,1382,2400,n
SOUTH TEXAS ACADEMY FOR MEDICAL PR,SOUTH TEXAS ISD,19.6,36,1367,2400,n
SOUTH TEXAS HIGH SCHOOL FOR HEALTH,SOUTH TEXAS ISD,21.5,36,1510,2400,n
THE SCIENCE ACADEMY OF SOUTH TEXAS,SOUTH TEXAS ISD,24.6,36,1673,2400,n
PITTSBURG H S,PITTSBURG ISD,19.6,36,1282,2400,n
GROOM SCHOOL,GROOM ISD,21.2,36,-1,2400,n
PANHANDLE H S,PANHANDLE ISD,20.4,36,1440,2400,n
WHITE DEER H S,WHITE DEER ISD,18.8,36,-1,2400,n
ATLANTA H S,ATLANTA ISD,19.6,36,-1,2400,n
AVINGER SCHOOL,AVINGER ISD,18.4,36,-1,2400,n
HUGHES SPRINGS H S,HUGHES SPRINGS ISD,19.3,36,1538,2400,n
LINDEN-KILDARE H S,LINDEN-KILDARE CISD,19,36,0,2400,n
MCLEOD H S,MCLEOD ISD,21.5,36,-1,2400,n
QUEEN CITY H S,QUEEN CITY ISD,20.2,36,-1,2400,n
BLOOMBURG H S,BLOOMBURG ISD,18.9,36,0,2400,n
DIMMITT H S,DIMMITT ISD,18.4,36,0,2400,n
HART JR-SR H S,HART ISD,15.7,36,0,2400,n
NAZARETH SCHOOL,NAZARETH ISD,23.2,36,0,2400,n
ANAHUAC H S,ANAHUAC ISD,18.9,36,1295,2400,n
BARBERS HILL H S,BARBERS HILL ISD,21.8,36,1484,2400,n
EAST CHAMBERS H S,EAST CHAMBERS ISD,21,36,1364,2400,n
ALTO H S,ALTO ISD,18.1,36,1608,2400,n
JACKSONVILLE H S,JACKSONVILLE ISD,18.7,36,1515,2400,n
RUSK H S,RUSK ISD,22.6,36,1551,2400,n
NEW SUMMERFIELD SCHOOL,NEW SUMMERFIELD ISD,13.7,36,0,2400,n
WELLS H S,WELLS ISD,0,36,1282,2400,n
CHILDRESS H S,CHILDRESS ISD,20.3,36,-1,2400,n
HENRIETTA H S,HENRIETTA ISD,22.8,36,1374,2400,n
PETROLIA JUNIOR HIGH/HIGH SCHOOL,PETROLIA ISD,21.1,36,-1,2400,n
BELLEVUE SCHOOL,BELLEVUE ISD,-1,36,-1,2400,n
MIDWAY SCHOOL,MIDWAY ISD,-1,36,-1,2400,n
MORTON H S,MORTON ISD,16.2,36,-1,2400,n
WHITEFACE H S,WHITEFACE CISD,18.5,36,-1,2400,n
BRONTE H S,BRONTE ISD,20.3,36,-1,2400,n
ROBERT LEE H S,ROBERT LEE ISD,20.1,36,-1,2400,n
COLEMAN H S,COLEMAN ISD,20.5,36,-1,2400,n
SANTA ANNA SECONDARY,SANTA ANNA ISD,-1,36,-1,2400,n
PANTHER CREEK SCHOOL,PANTHER CREEK CISD,22.3,36,-1,2400,n
ALLEN H S,ALLEN ISD,24.1,36,1589,2400,n
LOWERY FRESHMAN CENTER,ALLEN ISD,0,36,-1,2400,n
ANNA H S,ANNA ISD,20.8,36,1394,2400,n
CELINA H S,CELINA ISD,22.8,36,1605,2400,n
FARMERSVILLE H S,FARMERSVILLE ISD,22.2,36,1440,2400,n
FRISCO H S,FRISCO ISD,24,36,1606,2400,n
CENTENNIAL H S,FRISCO ISD,24,36,1623,2400,n
WAKELAND H S,FRISCO ISD,23.2,36,1572,2400,n
LIBERTY H S,FRISCO ISD,24.4,36,1613,2400,n
HERITAGE H S,FRISCO ISD,22.7,36,1550,2400,n
LONE STAR H S,FRISCO ISD,21.7,36,1442,2400,n
MCKINNEY H S,MCKINNEY ISD,23.9,36,1586,2400,n
MCKINNEY NORTH H S,MCKINNEY ISD,22.5,36,1492,2400,n
SERENITY HIGH,MCKINNEY ISD,-1,36,0,2400,n
MCKINNEY BOYD H S,MCKINNEY ISD,24,36,1619,2400,n
MELISSA H S,MELISSA ISD,22.6,36,1559,2400,n
PLANO SR H S,PLANO ISD,25.6,36,1695,2400,n
WILLIAMS H S,PLANO ISD,-1,36,1708,2400,n
VINES H S,PLANO ISD,0,36,-1,2400,n
CLARK H S,PLANO ISD,0,36,-1,2400,n
PLANO EAST SR H S,PLANO ISD,25,36,1596,2400,n
SHEPTON H S,PLANO ISD,-1,36,1593,2400,n
JASPER H S,PLANO ISD,0,36,2043,2400,n
PLANO WEST SENIOR H S,PLANO ISD,26.1,36,1715,2400,n
PRINCETON H S,PRINCETON ISD,21.1,36,1460,2400,n
PROSPER H S,PROSPER ISD,23.4,36,1557,2400,n
WYLIE H S,WYLIE ISD,22.8,36,1480,2400,n
WYLIE EAST H S,WYLIE ISD,21.4,36,1452,2400,n
BLUE RIDGE H S,BLUE RIDGE ISD,21.2,36,1511,2400,n
COMMUNITY H S,COMMUNITY ISD,20.8,36,1478,2400,n
LOVEJOY H S,LOVEJOY ISD,24.3,36,1650,2400,n
WELLINGTON H S,WELLINGTON ISD,18.6,36,-1,2400,n
COLUMBUS H S,COLUMBUS ISD,20.4,36,1398,2400,n
RICE H S,RICE CISD,18.3,36,1380,2400,n
WEIMAR H S,WEIMAR ISD,22,36,1472,2400,n
NEW BRAUNFELS H S,NEW BRAUNFELS ISD,21.9,36,1485,2400,n
THE NBISD LEARNING CENTER,NEW BRAUNFELS ISD,0,36,-1,2400,n
CANYON H S,COMAL ISD,21.6,36,1446,2400,n
SMITHSON VALLEY H S,COMAL ISD,22.5,36,1495,2400,n
CANYON LAKE H S,COMAL ISD,21.1,36,1458,2400,n
COMAL ACADEMY,COMAL ISD,0,36,-1,2400,n
COMANCHE H S,COMANCHE ISD,19.7,36,1329,2400,n
DE LEON H S,DE LEON ISD,19.5,36,1300,2400,n
GUSTINE SCHOOL,GUSTINE ISD,-1,36,-1,2400,n
SIDNEY SCHOOL,SIDNEY ISD,-1,36,1387,2400,n
EDEN H S,EDEN CISD,18.2,36,-1,2400,n
PAINT ROCK SCHOOL,PAINT ROCK ISD,-1,36,-1,2400,n
GAINESVILLE H S,GAINESVILLE ISD,20,36,1335,2400,n
MUENSTER H S,MUENSTER ISD,24.1,36,1559,2400,n
VALLEY VIEW H S,VALLEY VIEW ISD,20.3,36,1436,2400,n
CALLISBURG H S,CALLISBURG ISD,20.3,36,1410,2400,n
ERA SCHOOL,ERA ISD,17.4,36,1377,2400,n
LINDSAY H S,LINDSAY ISD,23.3,36,1552,2400,n
EVANT H S,EVANT ISD,19.5,36,0,2400,n
GATESVILLE H S,GATESVILLE ISD,21,36,1457,2400,n
OGLESBY SCHOOL,OGLESBY ISD,-1,36,1365,2400,n
JONESBORO SCHOOL,JONESBORO ISD,21.7,36,-1,2400,n
COPPERAS COVE H S,COPPERAS COVE ISD,20.2,36,1395,2400,n
CROSSROADS H S,COPPERAS COVE ISD,0,36,-1,2400,n
PADUCAH SCHOOL,PADUCAH ISD,16.9,36,0,2400,n
CRANE HIGH SCHOOL,CRANE ISD,18.8,36,1439,2400,n
OZONA H S,CROCKETT COUNTY CONSOLIDATED CSD,17.8,36,-1,2400,n
CROSBYTON H S,CROSBYTON CISD,18.6,36,-1,2400,n
LORENZO H S,LORENZO ISD,16.5,36,-1,2400,n
RALLS H S,RALLS ISD,20.5,36,1448,2400,n
VAN HORN H S,CULBERSON COUNTY-ALLAMOORE ISD,16.1,36,1393,2400,n
DALHART H S,DALHART ISD,19.5,36,1822,2400,n
TEXLINE SCHOOL,TEXLINE ISD,18,36,0,2400,n
PEGASUS CHARTER H S,PEGASUS SCHOOL OF LIBERAL ARTS AND,20.1,36,1338,2400,n
UPLIFT EDUCATION-NORTH HILLS PREP,UPLIFT EDUCATION - NORTH HILLS PRE,26.1,36,1737,2400,n
DALLAS CAN ACADEMY CHARTER,DALLAS CAN ACADEMY CHARTER,14.3,36,1063,2400,n
DALLAS CAN ACADEMY CHARTER-OAK CLI,DALLAS CAN ACADEMY CHARTER,14,36,1089,2400,n
DALLAS CAN ACAD AT CARROLLTON-FARM,DALLAS CAN ACADEMY CHARTER,-1,36,-1,2400,n
DALLAS CAN ACADEMY AT PLEASANT GRO,DALLAS CAN ACADEMY CHARTER,13.3,36,990,2400,n
ADVANTAGE ACADEMY,ADVANTAGE ACADEMY,-1,36,1278,2400,n
LIFE SCHOOL OAK CLIFF,LIFE SCHOOL,16.6,36,1243,2400,n
LIFE SCHOOL RED OAK,LIFE SCHOOL,19,36,1406,2400,n
UNIVERSAL ACADEMY,UNIVERSAL ACADEMY,16.9,36,1339,2400,n
UNIVERSAL ACADEMY - FLOWER MOUND,UNIVERSAL ACADEMY,-1,36,0,2400,n
FAITH FAMILY ACADEMY OF OAK CLIFF,FAITH FAMILY ACADEMY OF OAK CLIFF,-1,36,1200,2400,n
JEAN MASSIEU ACADEMY,JEAN MASSIEU ACADEMY,-1,36,0,2400,n
LANDMARK SCHOOL,HONORS ACADEMY,0,36,-1,2400,n
LEGACY PARK PREPARATORY,HONORS ACADEMY,-1,36,1281,2400,n
WINFREE ACADEMY CHARTER SCHOOL (IR,WINFREE ACADEMY CHARTER SCHOOLS,-1,36,-1,2400,n
WINFREE ACADEMY CHARTER SCHOOL (LE,WINFREE ACADEMY CHARTER SCHOOLS,0,36,1440,2400,n
WINFREE ACADEMY CHARTER SCHOOL (RI,WINFREE ACADEMY CHARTER SCHOOLS,0,36,1251,2400,n
WINFREE ACADEMY CHARTER SCHOOL,WINFREE ACADEMY CHARTER SCHOOLS,0,36,1622,2400,n
WINFREE ACADEMY NORTH RICHLAND HIL,WINFREE ACADEMY CHARTER SCHOOLS,-1,36,1430,2400,n
WINFREE ACADEMY CHARTER SCHOOL DEN,WINFREE ACADEMY CHARTER SCHOOLS,0,36,-1,2400,n
A+ ACADEMY,A+ ACADEMY,0,36,1212,2400,n
GATEWAY CHARTER ACADEMY - MIDDLE -,GATEWAY CHARTER ACADEMY,14.5,36,1109,2400,n
ALPHA CHARTER SCHOOL,ALPHA CHARTER SCHOOL,0,36,-1,2400,n
EVOLUTION ACADEMY CHARTER SCHOOL,EVOLUTION ACADEMY CHARTER SCHOOL,0,36,1288,2400,n
UPLIFT EDUCATION-PEAK PREP H S,UPLIFT EDUCATION - PEAK PREPARATOR,17,36,1337,2400,n
RICHLAND COLLEGIATE HS OF MATH SCI,RICHLAND COLLEGIATE HIGH SCHOOL,23.2,36,1564,2400,n
UPLIFT EDUCATION-WILLIAMS PREP H S,UPLIFT EDUCATION - WILLIAMS PREPAR,17.4,36,1311,2400,n
UPLIFT EDUCATION-HAMPTON PREP H S,UPLIFT EDUCATION - HAMPTON PREPARA,16.1,36,1180,2400,n
TURNER H S,CARROLLTON-FARMERS BRANCH ISD,20,36,1416,2400,n
SMITH H S,CARROLLTON-FARMERS BRANCH ISD,23.1,36,1549,2400,n
CREEKVIEW H S,CARROLLTON-FARMERS BRANCH ISD,22.4,36,1510,2400,n
RANCHVIEW H S,CARROLLTON-FARMERS BRANCH ISD,21.5,36,1463,2400,n
EARLY COLLEGE H S,CARROLLTON-FARMERS BRANCH ISD,-1,36,1289,2400,n
CEDAR HILL H S,CEDAR HILL ISD,17.9,36,1281,2400,n
CEDAR HILL COLLEGIATE H S,CEDAR HILL ISD,22.5,36,1536,2400,n
BRYAN ADAMS H S,DALLAS ISD,17.1,36,1250,2400,n
W H ADAMSON H S,DALLAS ISD,15.3,36,1161,2400,n
A MACEO SMITH NEW TECH H S,DALLAS ISD,-1,36,1167,2400,n
MOISES E MOLINA H S,DALLAS ISD,16.4,36,1188,2400,n
HILLCREST H S,DALLAS ISD,19.9,36,1361,2400,n
THOMAS JEFFERSON H S,DALLAS ISD,16.9,36,1246,2400,n
JUSTIN F KIMBALL H S,DALLAS ISD,15.5,36,1192,2400,n
LINCOLN HUMANITIES/COMMUNICATIONS,DALLAS ISD,15.2,36,1120,2400,n
L G PINKSTON HIGH SCHOOL,DALLAS ISD,14.9,36,1118,2400,n
FRANKLIN D ROOSEVELT H S,DALLAS ISD,14.5,36,1074,2400,n
W W SAMUELL H S,DALLAS ISD,15.8,36,1111,2400,n
SEAGOVILLE H S,DALLAS ISD,17.1,36,1211,2400,n
SOUTH OAK CLIFF H S,DALLAS ISD,13.8,36,1051,2400,n
H GRADY SPRUCE H S,DALLAS ISD,14.9,36,1148,2400,n
SUNSET HIGH SCHOOL,DALLAS ISD,16.5,36,1184,2400,n
W T WHITE H S,DALLAS ISD,18.1,36,1283,2400,n
WOODROW WILSON H S,DALLAS ISD,19,36,1343,2400,n
DAVID W CARTER H S,DALLAS ISD,14.7,36,1158,2400,n
NORTH DALLAS H S,DALLAS ISD,15.8,36,1228,2400,n
SKYLINE H S,DALLAS ISD,18.1,36,1282,2400,n
SCHOOL OF SCIENCE AND ENGINEERING,DALLAS ISD,26.8,36,1779,2400,n
EMMETT J CONRAD H S,DALLAS ISD,16,36,1193,2400,n
JAMES MADISON HIGH SCHOOL,DALLAS ISD,15.7,36,1086,2400,n
SCHOOL OF BUSINESS AND MANAGEMENT,DALLAS ISD,20.5,36,1450,2400,n
BOOKER T WASHINGTON SPVA MAGNET,DALLAS ISD,22.6,36,1577,2400,n
IRMA LERMA RANGEL YOUNG WOMEN'S LE,DALLAS ISD,22.3,36,1543,2400,n
SCHOOL OF HEALTH PROFESSIONS,DALLAS ISD,21.3,36,1457,2400,n
ROSIE SORRELLS EDUCATION AND SOCIA,DALLAS ISD,20.3,36,1396,2400,n
JUDGE BAREFOOT SANDERS LAW MAGNET,DALLAS ISD,21.4,36,1512,2400,n
SCHOOL FOR THE TALENTED AND GIFTED,DALLAS ISD,28.8,36,1917,2400,n
KATHLYN JOY GILLIAM COLLEGIATE ACA,DALLAS ISD,17.9,36,1272,2400,n
TRINIDAD GARZA EARLY COLLEGE AT MO,DALLAS ISD,18.6,36,1311,2400,n
MIDDLE COLLEGE H S,DALLAS ISD,20.1,36,1380,2400,n
WILMER-HUTCHINS H S,DALLAS ISD,14.7,36,1104,2400,n
DESOTO H S,DESOTO ISD,18,36,1288,2400,n
DUNCANVILLE H S,DUNCANVILLE ISD,19,36,1340,2400,n
GARLAND H S,GARLAND ISD,23,36,1553,2400,n
S GARLAND H S,GARLAND ISD,17.9,36,1320,2400,n
N GARLAND H S,GARLAND ISD,19.9,36,1420,2400,n
LAKEVIEW CENTENNIAL H S,GARLAND ISD,18.8,36,1310,2400,n
MEMORIAL PATHWAY ACADEMY H S,GARLAND ISD,16.3,36,-1,2400,n
NAAMAN FOREST H S,GARLAND ISD,20.7,36,1425,2400,n
ROWLETT H S,GARLAND ISD,22,36,1475,2400,n
SACHSE H S,GARLAND ISD,21.8,36,1453,2400,n
GRAND PRAIRIE H S,GRAND PRAIRIE ISD,18.1,36,1345,2400,n
SO GRAND PRAIRIE H S,GRAND PRAIRIE ISD,19.7,36,1373,2400,n
CROSSWINDS H S,GRAND PRAIRIE ISD,-1,36,992,2400,n
JOHN DUBISKI CAREER H S,GRAND PRAIRIE ISD,19.6,36,1408,2400,n
HIGHLAND PARK H S,HIGHLAND PARK ISD,26.6,36,1792,2400,n
IRVING H S,IRVING ISD,18.3,36,1215,2400,n
MACARTHUR H S,IRVING ISD,18.5,36,1325,2400,n
NIMITZ H S,IRVING ISD,18.9,36,1296,2400,n
BARBARA CARDWELL CAREER PREPARATOR,IRVING ISD,-1,36,1096,2400,n
JACK E SINGLEY ACADEMY,IRVING ISD,21.1,36,1269,2400,n
LANCASTER H S,LANCASTER ISD,16.1,36,1215,2400,n
MESQUITE H S,MESQUITE ISD,18.8,36,1333,2400,n
NORTH MESQUITE H S,MESQUITE ISD,18.9,36,1318,2400,n
WEST MESQUITE H S,MESQUITE ISD,17.5,36,1283,2400,n
POTEET H S,MESQUITE ISD,19.7,36,1420,2400,n
HORN H S,MESQUITE ISD,20.6,36,1397,2400,n
MESQUITE ACADEMY,MESQUITE ISD,-1,36,-1,2400,n
LAKE HIGHLANDS H S,RICHARDSON ISD,21.9,36,1484,2400,n
RICHARDSON H S,RICHARDSON ISD,22.1,36,1492,2400,n
PEARCE H S,RICHARDSON ISD,24.1,36,1636,2400,n
BERKNER H S,RICHARDSON ISD,21.3,36,1454,2400,n
SUNNYVALE H S,SUNNYVALE ISD,21.2,36,1478,2400,n
COPPELL H S,COPPELL ISD,25.1,36,1700,2400,n
NEW TECH H S AT COPPELL,COPPELL ISD,25,36,1669,2400,n
DAWSON SCHOOL,DAWSON ISD,16.5,36,-1,2400,n
KLONDIKE ISD,KLONDIKE ISD,20.6,36,-1,2400,n
LAMESA H S,LAMESA ISD,19.1,36,1280,2400,n
SANDS CISD,SANDS CISD,-1,36,-1,2400,n
HEREFORD H S,HEREFORD ISD,18.3,36,1367,2400,n
COOPER H S,COOPER ISD,20.1,36,1508,2400,n
FANNINDEL H S,FANNINDEL ISD,21,36,0,2400,n
THE EDUCATION CENTER AT AUBREY,TEXAS EDUCATION CENTERS,0,36,1443,2400,n
RYAN H S,DENTON ISD,20.3,36,1445,2400,n
DENTON H S,DENTON ISD,19.7,36,1443,2400,n
GUYER H S,DENTON ISD,21.5,36,1517,2400,n
FRED MOORE H S,DENTON ISD,-1,36,-1,2400,n
LEWISVILLE H S,LEWISVILLE ISD,20.4,36,1466,2400,n
MARCUS H S,LEWISVILLE ISD,24.7,36,1631,2400,n
THE COLONY H S,LEWISVILLE ISD,21.4,36,1542,2400,n
LEARNING CTR,LEWISVILLE ISD,-1,36,0,2400,n
HEBRON H S,LEWISVILLE ISD,24,36,1604,2400,n
FLOWER MOUND H S,LEWISVILLE ISD,25.1,36,1687,2400,n
PILOT POINT H S,PILOT POINT ISD,21.2,36,1428,2400,n
KRUM H S,KRUM ISD,23.7,36,1558,2400,n
PONDER H S,PONDER ISD,22.4,36,1448,2400,n
AUBREY H S,AUBREY ISD,21.6,36,1465,2400,n
SANGER H S,SANGER ISD,21.2,36,1455,2400,n
LINDA TUTT HIGH SCHOOL,SANGER ISD,0,36,-1,2400,n
ARGYLE H S,ARGYLE ISD,23.6,36,1577,2400,n
NORTHWEST H S,NORTHWEST ISD,22.2,36,1453,2400,n
BYRON NELSON H S,NORTHWEST ISD,23.5,36,1500,2400,n
JAMES M STEELE ACCELERATED H S,NORTHWEST ISD,24,36,1510,2400,n
LAKE DALLAS H S,LAKE DALLAS ISD,22,36,1459,2400,n
LITTLE ELM H S,LITTLE ELM ISD,19.2,36,1352,2400,n
CUERO H S,CUERO ISD,21.1,36,1512,2400,n
NORDHEIM SCHOOL,NORDHEIM ISD,-1,36,-1,2400,n
YOAKUM H S,YOAKUM ISD,20.1,36,1494,2400,n
YORKTOWN H S,YORKTOWN ISD,20.2,36,1396,2400,n
SPUR SCHOOL,SPUR ISD,17.3,36,-1,2400,n
PATTON SPRINGS SCHOOL,PATTON SPRINGS ISD,19.4,36,-1,2400,n
CARRIZO SPRINGS H S,CARRIZO SPRINGS CISD,18.1,36,1265,2400,y
CLARENDON H S,CLARENDON ISD,19.8,36,-1,2400,n
HEDLEY SCHOOL,HEDLEY ISD,20.2,36,0,2400,n
BENAVIDES SECONDARY,BENAVIDES ISD,17.5,36,1320,2400,n
SAN DIEGO H S,SAN DIEGO ISD,17.1,36,-1,2400,n
FREER H S,FREER ISD,17.2,36,0,2400,n
CISCO H S,CISCO ISD,21.1,36,1440,2400,n
EASTLAND H S,EASTLAND ISD,20.1,36,1407,2400,n
GORMAN H S,GORMAN ISD,-1,36,1340,2400,n
RANGER H S,RANGER ISD,19.1,36,1282,2400,n
RISING STAR H S,RISING STAR ISD,18.5,36,-1,2400,n
RICHARD MILBURN ACADEMY - ECTOR CO,RICHARD MILBURN ACADEMY (ECTOR COU,-1,36,0,2400,n
RICHARD MILBURN ALTERNATIVE HS-LUB,RICHARD MILBURN ACADEMY (ECTOR COU,-1,36,-1,2400,n
ODESSA H S,ECTOR COUNTY ISD,21.6,36,1412,2400,n
PERMIAN H S,ECTOR COUNTY ISD,20,36,1380,2400,n
ROCKSPRINGS H S,ROCKSPRINGS ISD,17.7,36,-1,2400,n
NUECES CANYON JH/HS,NUECES CANYON CISD,18.3,36,-1,2400,n
WAXAHACHIE FAITH FAMILY ACADEMY,WAXAHACHIE FAITH FAMILY ACADEMY,-1,36,-1,2400,n
AVALON SCHOOL,AVALON ISD,-1,36,1256,2400,n
ENNIS H S,ENNIS ISD,19.1,36,1414,2400,n
FERRIS H S,FERRIS ISD,18.6,36,1293,2400,n
ITALY H S,ITALY ISD,18,36,1247,2400,n
MIDLOTHIAN H S,MIDLOTHIAN ISD,22,36,1507,2400,n
MILFORD SCHOOL,MILFORD ISD,17.7,36,0,2400,n
PALMER H S,PALMER ISD,20.1,36,1408,2400,n
RED OAK H S,RED OAK ISD,20.4,36,1424,2400,n
WAXAHACHIE H S,WAXAHACHIE ISD,20.2,36,1436,2400,n
WAXAHACHIE H S OF CHOICE,WAXAHACHIE ISD,0,36,-1,2400,n
WAXAHACHIE GLOBAL H S,WAXAHACHIE ISD,22.2,36,1547,2400,n
MAYPEARL H S,MAYPEARL ISD,21.1,36,1308,2400,n
DAVINCI SCHOOL FOR SCIENCE AND THE,BURNHAM WOOD CHARTER SCHOOL DISTRI,21.2,36,1452,2400,n
PASO DEL NORTE ACADEMY-MESA CHARTE,PASO DEL NORTE ACADEMY CHARTER DIS,0,36,-1,2400,n
PASEO DEL NORTE ACADEMY-VISTA DEL,PASO DEL NORTE ACADEMY CHARTER DIS,0,36,-1,2400,n
EL PASO ACADEMY,EL PASO ACADEMY,0,36,-1,2400,n
EL PASO ACADEMY WEST,EL PASO ACADEMY,-1,36,1084,2400,n
HARMONY SCIENCE ACAD-EL PASO,HARMONY SCIENCE ACAD (EL PASO),-1,36,1433,2400,n
CLINT H S,CLINT ISD,-1,36,1238,2400,n
MOUNTAIN VIEW H S,CLINT ISD,17.1,36,1210,2400,n
HORIZON H S,CLINT ISD,17.3,36,1284,2400,n
ANDRESS H S,EL PASO ISD,17.1,36,1312,2400,n
AUSTIN H S,EL PASO ISD,17.2,36,1195,2400,n
BOWIE H S,EL PASO ISD,15.6,36,1228,2400,n
BURGES H S,EL PASO ISD,18.6,36,1320,2400,n
CORONADO H S,EL PASO ISD,22.5,36,1462,2400,n
EL PASO H S,EL PASO ISD,19.5,36,1489,2400,n
IRVIN H S,EL PASO ISD,16.7,36,-1,2400,n
JEFFERSON H S,EL PASO ISD,16.5,36,1223,2400,n
FRANKLIN H S,EL PASO ISD,22.9,36,1445,2400,n
SILVA HEALTH MAGNET,EL PASO ISD,22.1,36,1520,2400,n
CHAPIN H S,EL PASO ISD,19.6,36,1362,2400,n
TRANSMOUNTAIN EARLY COLLEGE H S,EL PASO ISD,19.4,36,1405,2400,n
SCHOOL-AGE PARENT CTR,EL PASO ISD,-1,36,-1,2400,n
SUNSET H S,EL PASO ISD,-1,36,-1,2400,n
FABENS H S,FABENS ISD,16.6,36,1208,2400,n
SAN ELIZARIO H S,SAN ELIZARIO ISD,17,36,1241,2400,n
BEL AIR HS,YSLETA ISD,18.2,36,1190,2400,n
EASTWOOD HS,YSLETA ISD,19.4,36,1306,2400,n
PARKLAND HS,YSLETA ISD,18.4,36,1180,2400,n
YSLETA HS,YSLETA ISD,13.9,36,1076,2400,n
RIVERSIDE HS,YSLETA ISD,19.2,36,1137,2400,n
J M HANKS HS,YSLETA ISD,20.1,36,1213,2400,n
DEL VALLE HS,YSLETA ISD,16.3,36,1153,2400,n
TEJAS SCHOOL OF CHOICE,YSLETA ISD,13.5,36,982,2400,n
VALLE VERDE EARLY COLLEGE H S,YSLETA ISD,23,36,1506,2400,n
PLATO ACADEMY,YSLETA ISD,0,36,1028,2400,n
ANTHONY H S,ANTHONY ISD,17.3,36,-1,2400,n
CANUTILLO H S,CANUTILLO ISD,16.6,36,1198,2400,n
NORTHWEST EARLY COLLEGE H S (NECHS,CANUTILLO ISD,0,36,1413,2400,n
TORNILLO H S,TORNILLO ISD,17.1,36,1281,2400,n
SOCORRO H S,SOCORRO ISD,17.7,36,1285,2400,n
MONTWOOD H S,SOCORRO ISD,20.3,36,1275,2400,n
AMERICAS H S,SOCORRO ISD,18.1,36,1298,2400,n
EL DORADO H S,SOCORRO ISD,17.7,36,1266,2400,n
MISSION EARLY COLLEGE H S,SOCORRO ISD,21.3,36,1508,2400,n
OPTIONS H S,SOCORRO ISD,0,36,1182,2400,n
PREMIER H S OF DUBLIN/COMANCHE/EAR,PREMIER HIGH SCHOOLS,0,36,-1,2400,n
PREMIER H S OF ABILENE,PREMIER HIGH SCHOOLS,-1,36,-1,2400,n
PREMIER H S OF BEAUMONT,PREMIER HIGH SCHOOLS,-1,36,-1,2400,n
PREMIER H S OF BROWNSVILLE,PREMIER HIGH SCHOOLS,0,36,1197,2400,n
PREMIER H S OF PALMVIEW,PREMIER HIGH SCHOOLS,15.8,36,1161,2400,n
PREMIER H S OF DEL RIO,PREMIER HIGH SCHOOLS,-1,36,-1,2400,n
PREMIER H S OF FORT WORTH,PREMIER HIGH SCHOOLS,-1,36,-1,2400,n
PREMIER H S OF LAREDO,PREMIER HIGH SCHOOLS,-1,36,1244,2400,n
PREMIER H S OF LUBBOCK,PREMIER HIGH SCHOOLS,20.2,36,1293,2400,n
PREMIER H S OF AUSTIN,PREMIER HIGH SCHOOLS,19.4,36,1399,2400,n
PREMIER H S OF PHARR,PREMIER HIGH SCHOOLS,16.5,36,1246,2400,n
PREMIER H S OF MISSION,PREMIER HIGH SCHOOLS,17.6,36,1329,2400,n
PREMIER H S OF SAN ANTONIO,PREMIER HIGH SCHOOLS,-1,36,-1,2400,n
PREMIER H S OF TYLER,PREMIER HIGH SCHOOLS,-1,36,-1,2400,n
PREMIER H S OF WACO,PREMIER HIGH SCHOOLS,18.7,36,1290,2400,n
PREMIER H S OF NORTH AUSTIN,PREMIER HIGH SCHOOLS,24.4,36,1428,2400,n
PREMIER H S OF EL PASO,PREMIER HIGH SCHOOLS,0,36,-1,2400,n
PREMIER H S OF SAN JUAN,PREMIER HIGH SCHOOLS,14.7,36,1270,2400,n
PREMIER H S OF HUNTSVILLE,PREMIER HIGH SCHOOLS,22,36,1402,2400,n
PREMIER H S OF NEW BRAUNFELS,PREMIER HIGH SCHOOLS,-1,36,1507,2400,n
PREMIER H S OF GRANBURY,PREMIER HIGH SCHOOLS,-1,36,1384,2400,n
HUSTON ACADEMY,ERATH EXCELS ACADEMY INC,-1,36,0,2400,n
SHORELINE ACADEMY,ERATH EXCELS ACADEMY INC,0,36,-1,2400,n
DUBLIN H S,DUBLIN ISD,20.1,36,1339,2400,n
STEPHENVILLE H S,STEPHENVILLE,22.9,36,1520,2400,n
HUCKABAY SCHOOL,HUCKABAY ISD,22.3,36,1484,2400,n
LINGLEVILLE SCHOOL,LINGLEVILLE ISD,18.6,36,1236,2400,n
CHILTON SCHOOL,CHILTON ISD,17.3,36,-1,2400,n
MARLIN H S,MARLIN ISD,16.7,36,1149,2400,n
ROSEBUD-LOTT H S,ROSEBUD-LOTT ISD,21.1,36,1389,2400,n
BONHAM H S,BONHAM ISD,21.4,36,1432,2400,n
DODD CITY SCHOOL,DODD CITY ISD,24.1,36,0,2400,n
ECTOR H S,ECTOR ISD,18.6,36,1307,2400,n
HONEY GROVE H S,HONEY GROVE ISD,19.8,36,-1,2400,n
LEONARD H S,LEONARD ISD,20.9,36,1547,2400,n
SAVOY H S,SAVOY ISD,21,36,1297,2400,n
TRENTON H S,TRENTON ISD,20.1,36,1357,2400,n
RAYBURN H S,SAM RAYBURN ISD,19.8,36,-1,2400,n
FLATONIA SECONDARY,FLATONIA ISD,19.5,36,1431,2400,n
LA GRANGE H S,LA GRANGE ISD,20.7,36,1474,2400,n
SCHULENBURG SECONDARY,SCHULENBURG ISD,20.3,36,1438,2400,n
FAYETTEVILLE SCHOOLS,FAYETTEVILLE ISD,22.8,36,1390,2400,n
ROUND TOP-CARMINE H S,ROUND TOP-CARMINE ISD,0,36,1505,2400,n
ROBY H S,ROBY CISD,20.5,36,0,2400,n
ROTAN H S,ROTAN ISD,20.1,36,-1,2400,n
FLOYDADA H S,FLOYDADA ISD,19,36,-1,2400,n
LOCKNEY H S,LOCKNEY ISD,18.3,36,-1,2400,n
CROWELL H S,CROWELL ISD,17.4,36,-1,2400,n
LAMAR CONS H S,LAMAR CISD,20,36,1454,2400,n
B F TERRY H S,LAMAR CISD,18.2,36,1473,2400,n
FOSTER H S,LAMAR CISD,22.8,36,1489,2400,n
GEORGE RANCH H S,LAMAR CISD,-1,36,1638,2400,n
NEEDVILLE H S,NEEDVILLE ISD,21.3,36,1461,2400,n
DULLES H S,FORT BEND ISD,24,36,1571,2400,n
WILLOWRIDGE H S,FORT BEND ISD,15.5,36,1185,2400,n
CLEMENTS H S,FORT BEND ISD,26,36,1739,2400,n
KEMPNER H S,FORT BEND ISD,22.6,36,1503,2400,n
LAWRENCE E ELKINS H S,FORT BEND ISD,21.2,36,1475,2400,n
STEPHEN F AUSTIN H S,FORT BEND ISD,24.2,36,1615,2400,n
HIGHTOWER H S,FORT BEND ISD,20.9,36,1419,2400,n
GEORGE BUSH H S,FORT BEND ISD,18.5,36,1327,2400,n
THURGOOD MARSHALL H S,FORT BEND ISD,17,36,1218,2400,n
WILLIAM B TRAVIS H S,FORT BEND ISD,22.7,36,1484,2400,n
RIDGE POINT H S,FORT BEND ISD,0,36,-1,2400,n
STAFFORD H S,STAFFORD MSD,18,36,1357,2400,n
MT VERNON H S,MOUNT VERNON ISD,19.8,36,1446,2400,n
FAIRFIELD H S,FAIRFIELD ISD,19.4,36,1459,2400,n
TEAGUE H S,TEAGUE ISD,18.5,36,1394,2400,n
WORTHAM H S,WORTHAM ISD,17.5,36,1262,2400,n
DILLEY H S,DILLEY ISD,16.8,36,1320,2400,y
PEARSALL H S,PEARSALL ISD,18.2,36,1318,2400,y
SEAGRAVES H S,SEAGRAVES ISD,19.2,36,0,2400,n
LOOP SCHOOL,LOOP ISD,21.9,36,0,2400,n
SEMINOLE H S,SEMINOLE ISD,21.2,36,1412,2400,n
DICKINSON H S,DICKINSON ISD,18.6,36,1372,2400,n
BALL H S,GALVESTON ISD,19.4,36,1327,2400,n
AIM COLLEGE & CAREER PREP,GALVESTON ISD,0,36,-1,2400,n
HIGH ISLAND H S,HIGH ISLAND ISD,-1,36,1343,2400,n
LA MARQUE H S,LA MARQUE ISD,16.3,36,1239,2400,n
TEXAS CITY H S,TEXAS CITY ISD,17.8,36,1353,2400,n
HITCHCOCK H S,HITCHCOCK ISD,18.5,36,1234,2400,n
SANTA FE H S,SANTA FE ISD,20,36,1405,2400,n
CLEAR CREEK H S,CLEAR CREEK ISD,23,36,1534,2400,n
CLEAR LAKE H S,CLEAR CREEK ISD,25.4,36,1677,2400,n
CLEAR BROOK H S,CLEAR CREEK ISD,22.5,36,1489,2400,n
CLEAR VIEW EDUCATION CENTER,CLEAR CREEK ISD,17,36,1342,2400,n
CLEAR SPRINGS H S,CLEAR CREEK ISD,22,36,1491,2400,n
CLEAR HORIZONS EARLY COLLEGE H S,CLEAR CREEK ISD,25.3,36,1756,2400,n
CLEAR FALLS H S,CLEAR CREEK ISD,0,36,-1,2400,n
FRIENDSWOOD H S,FRIENDSWOOD ISD,24.7,36,1625,2400,n
POST H S,POST ISD,18.7,36,0,2400,n
SOUTHLAND SCHOOL,SOUTHLAND ISD,19.9,36,-1,2400,n
FREDERICKSBURG H S,FREDERICKSBURG ISD,22,36,1504,2400,n
HARPER H S,HARPER ISD,21.7,36,1523,2400,n
GLASSCOCK COUNTY H S,GLASSCOCK COUNTY ISD,19.8,36,-1,2400,n
GOLIAD H S,GOLIAD ISD,18.5,36,1318,2400,n
GONZALES H S,GONZALES ISD,19.4,36,1334,2400,n
NIXON-SMILEY H S,NIXON-SMILEY CISD,19.1,36,1414,2400,n
WAELDER SCHOOL,WAELDER ISD,-1,36,1193,2400,n
LEFORS SCHOOL,LEFORS ISD,17.3,36,0,2400,n
MCLEAN SCHOOL,MCLEAN ISD,20.9,36,-1,2400,n
PAMPA H S,PAMPA ISD,20.5,36,1457,2400,n
BELLS H S,BELLS ISD,21.4,36,1466,2400,n
COLLINSVILLE H S,COLLINSVILLE ISD,21.8,36,1437,2400,n
DENISON H S,DENISON ISD,21.7,36,1467,2400,n
PATHWAYS H S,DENISON ISD,0,36,-1,2400,n
HOWE H S,HOWE ISD,21.2,36,1510,2400,n
SHERMAN H S,SHERMAN ISD,21.6,36,1602,2400,n
VAN ALSTYNE H S,VAN ALSTYNE ISD,22.3,36,1478,2400,n
WHITESBORO H S,WHITESBORO ISD,20.9,36,1462,2400,n
WHITEWRIGHT H S,WHITEWRIGHT ISD,21.9,36,1509,2400,n
POTTSBORO H S,POTTSBORO ISD,22.8,36,1453,2400,n
S AND S CONS H S,S AND S CISD,19.8,36,1531,2400,n
GUNTER H S,GUNTER ISD,22.5,36,1567,2400,n
TOM BEAN H S,TOM BEAN ISD,22.1,36,1473,2400,n
DAN CHADWICK CAMPUS,EAST TEXAS CHARTER SCHOOLS,-1,36,-1,2400,n
GLADEWATER H S,GLADEWATER ISD,18.8,36,1286,2400,n
KILGORE H S,KILGORE ISD,19.2,36,1428,2400,n
LONGVIEW H S,LONGVIEW ISD,19.3,36,1425,2400,n
LEAD ACADEMY H S,LONGVIEW ISD,-1,36,0,2400,n
PINE TREE H S,PINE TREE ISD,22.5,36,1496,2400,n
SABINE H S,SABINE ISD,20.9,36,1449,2400,n
SPRING HILL H S,SPRING HILL ISD,22.3,36,1570,2400,n
WHITE OAK H S,WHITE OAK ISD,21.9,36,1496,2400,n
ANDERSON-SHIRO JR/SR H S,ANDERSON-SHIRO CISD,20.2,36,1357,2400,n
IOLA H S,IOLA ISD,22,36,1403,2400,n
NAVASOTA H S,NAVASOTA ISD,18,36,1281,2400,n
RICHARDS H S,RICHARDS ISD,-1,36,-1,2400,n
SEGUIN H S,SEGUIN ISD,20.2,36,1365,2400,n
MERCER & BLUMBERG LRN CTR,SEGUIN ISD,-1,36,1332,2400,n
SAMUEL CLEMENS H S,SCHERTZ-CIBOLO-U CITY ISD,22,36,1490,2400,y
ALLISON STEELE ENHANCED LEARNING,SCHERTZ-CIBOLO-U CITY ISD,-1,36,-1,2400,y
BYRON P STEELE II H S,SCHERTZ-CIBOLO-U CITY ISD,22.1,36,1444,2400,y
NAVARRO H S,NAVARRO ISD,20.9,36,1439,2400,n
MARION H S,MARION ISD,20.4,36,1445,2400,n
ABERNATHY H S,ABERNATHY ISD,19.8,36,1304,2400,n
COTTON CENTER SCHOOL,COTTON CENTER ISD,-1,36,-1,2400,n
HALE CENTER H S,HALE CENTER ISD,17.5,36,-1,2400,n
PETERSBURG SCHOOL,PETERSBURG ISD,19.6,36,-1,2400,n
PLAINVIEW H S,PLAINVIEW ISD,19.9,36,1511,2400,n
HOUSTON SCHOOL,PLAINVIEW ISD,-1,36,-1,2400,n
MEMPHIS H S,MEMPHIS ISD,18.2,36,-1,2400,n
VALLEY SCHOOL,TURKEY-QUITAQUE ISD,20.8,36,0,2400,n
HAMILTON H S,HAMILTON ISD,20.6,36,1411,2400,n
HICO H S,HICO ISD,19.3,36,1440,2400,n
GRUVER H S,GRUVER ISD,19.8,36,0,2400,n
SPEARMAN H S,SPEARMAN ISD,19.5,36,0,2400,n
CHILLICOTHE H S,CHILLICOTHE ISD,-1,36,-1,2400,n
QUANAH H S,QUANAH ISD,19.5,36,0,2400,n
KOUNTZE H S,KOUNTZE ISD,19,36,1270,2400,n
SILSBEE H S,SILSBEE ISD,19.2,36,1331,2400,n
HARDIN-JEFFERSON H S,HARDIN-JEFFERSON ISD,20.5,36,1396,2400,n
LUMBERTON H S,LUMBERTON ISD,21.1,36,1477,2400,n
WEST HARDIN H S,WEST HARDIN COUNTY CISD,14.8,36,1284,2400,n
GEORGE I SANCHEZ H S,GEORGE I SANCHEZ CHARTER,0,36,1204,2400,n
GIRLS & BOYS PREP ACADEMY H S,GIRLS & BOYS PREPARATORY ACADEMY,15.3,36,1166,2400,n
RAUL YZAGUIRRE SCHOOL FOR SUCCESS,RAUL YZAGUIRRE SCHOOL FOR SUCCESS,15.3,36,1324,2400,n
ED WHITE MEMORIAL HIGH SCHOOL,BAY AREA CHARTER INC,0,36,1129,2400,n
HOUSTON CAN ACADEMY CHARTER SCHOOL,HOUSTON CAN ACADEMY CHARTER SCHOOL,13.6,36,0,2400,n
HOUSTON CAN ACADEMY HOBBY,HOUSTON CAN ACADEMY CHARTER SCHOOL,0,36,1258,2400,n
KIPP HOUSTON H S,KIPP INC CHARTER,0,36,1420,2400,n
HOUSTON HEIGHTS CHARTER SCHOOL,HOUSTON HEIGHTS HIGH SCHOOL,14.7,36,1436,2400,n
JAMIE'S HOUSE CHARTER SCHOOL,JAMIE'S HOUSE CHARTER SCHOOL,0,36,-1,2400,n
HOUSTON GATEWAY ACADEMY - CORAL CA,HOUSTON GATEWAY ACADEMY INC,-1,36,1134,2400,n
CALVIN NELMS HIGH SCHOOL,CALVIN NELMS CHARTER SCHOOLS,-1,36,1368,2400,n
SOUTHWEST H S,SOUTHWEST SCHOOL,-1,36,1182,2400,n
PHOENIX SCHOOL AT SOUTHWEST SCHOOL,SOUTHWEST SCHOOL,0,36,1390,2400,n
YES PREP - SOUTHEAST CAMPUS,YES PREP PUBLIC SCHOOLS INC,-1,36,1493,2400,n
YES PREP - SOUTHWEST CAMPUS,YES PREP PUBLIC SCHOOLS INC,0,36,1445,2400,n
YES PREP - EAST END CAMPUS,YES PREP PUBLIC SCHOOLS INC,-1,36,1386,2400,n
YES PREP - NORTH CENTRAL CAMPUS,YES PREP PUBLIC SCHOOLS INC,23,36,1500,2400,n
HARMONY SCIENCE ACADEMY,HARMONY SCIENCE ACADEMY,22.3,36,1463,2400,n
HARMONY SCHOOL OF INNOVATION - HOU,HARMONY SCIENCE ACADEMY,0,36,-1,2400,n
JUAN B GALAVIZ CHARTER SCHOOL,JUAN B GALAVIZ CHARTER SCHOOL,0,36,-1,2400,n
RICHARD MILBURN ACADEMY - SUBURBAN,RICHARD MILBURN ACADEMY (SUBURBAN,-1,36,-1,2400,n
HARMONY SCHOOL OF ADVANCEMENT - HI,HARMONY SCHOOL OF EXCELLENCE,20.5,36,1565,2400,n
ALDINE H S,ALDINE ISD,16.2,36,1235,2400,n
CARVER H S FOR APPLIED TECH/ENGINE,ALDINE ISD,17.6,36,1363,2400,n
MACARTHUR H S,ALDINE ISD,17.1,36,1271,2400,n
EISENHOWER H S,ALDINE ISD,17.7,36,1251,2400,n
NIMITZ H S,ALDINE ISD,18.5,36,1273,2400,n
VICTORY EARLY COLLEGE H S,ALDINE ISD,20.6,36,1481,2400,n
HALL EDUCATION CENTER,ALDINE ISD,0,36,1201,2400,n
HASTINGS H S,ALIEF ISD,17.6,36,1256,2400,n
ELSIK H S,ALIEF ISD,18.1,36,1243,2400,n
TAYLOR H S,ALIEF ISD,17.5,36,1270,2400,n
KERR H S,ALIEF ISD,23.1,36,1583,2400,n
ALIEF EARLY COLLEGE H S,ALIEF ISD,-1,36,0,2400,n
CHANNELVIEW H S,CHANNELVIEW ISD,17.8,36,1285,2400,n
ENDEAVOR SCHOOL-JOE FRANK CAMPBELL,CHANNELVIEW ISD,0,36,-1,2400,n
CROSBY H S,CROSBY ISD,19.4,36,1435,2400,n
CY-FAIR HIGH SCHOOL,CYPRESS-FAIRBANKS ISD,23.1,36,1537,2400,n
JERSEY VILLAGE HIGH SCHOOL,CYPRESS-FAIRBANKS ISD,22.3,36,1488,2400,n
CYPRESS CREEK H S,CYPRESS-FAIRBANKS ISD,21.9,36,1504,2400,n
LANGHAM CREEK H S,CYPRESS-FAIRBANKS ISD,22.1,36,1540,2400,n
CYPRESS FALLS H S,CYPRESS-FAIRBANKS ISD,21.2,36,1473,2400,n
WINDFERN HIGH SCHOOL,CYPRESS-FAIRBANKS ISD,-1,36,1424,2400,n
CYPRESS SPRINGS H S,CYPRESS-FAIRBANKS ISD,18.5,36,1355,2400,n
CYPRESS RIDGE HIGH SCHOOL,CYPRESS-FAIRBANKS ISD,20.1,36,1459,2400,n
CYPRESS WOODS H S,CYPRESS-FAIRBANKS ISD,22.6,36,1556,2400,n
CYPRESS RANCH H S,CYPRESS-FAIRBANKS ISD,22.3,36,1549,2400,n
CYPRESS LAKES H S,CYPRESS-FAIRBANKS ISD,20,36,1414,2400,n
DEER PARK HS,DEER PARK ISD,21.6,36,1472,2400,n
NORTH FOREST H S,NORTH FOREST ISD,15.5,36,1114,2400,n
GALENA PARK H S,GALENA PARK ISD,17.2,36,1253,2400,n
NORTH SHORE SENIOR HIGH,GALENA PARK ISD,18.4,36,1315,2400,n
LEE H S,GOOSE CREEK CISD,18.5,36,1366,2400,n
STERLING H S,GOOSE CREEK CISD,18.2,36,1394,2400,n
GOOSE CREEK MEMORIAL,GOOSE CREEK CISD,17.3,36,1346,2400,n
AUSTIN H S,HOUSTON ISD,16,36,1068,2400,n
BELLAIRE H S,HOUSTON ISD,25.2,36,1563,2400,n
DAVIS H S,HOUSTON ISD,16.8,36,1162,2400,n
FURR H S,HOUSTON ISD,15.1,36,1173,2400,n
JONES H S,HOUSTON ISD,14.4,36,1042,2400,n
KASHMERE H S,HOUSTON ISD,14.1,36,1049,2400,n
LAMAR H S,HOUSTON ISD,23.3,36,1474,2400,n
LEE H S,HOUSTON ISD,17.7,36,1114,2400,n
MADISON H S,HOUSTON ISD,16.6,36,1109,2400,n
MILBY H S,HOUSTON ISD,18.2,36,1129,2400,n
REAGAN H S,HOUSTON ISD,18.2,36,1188,2400,n
STERLING H S,HOUSTON ISD,14.7,36,1090,2400,n
WALTRIP H S,HOUSTON ISD,19.8,36,1289,2400,n
WASHINGTON B T H S,HOUSTON ISD,18.7,36,1193,2400,n
WESTBURY H S,HOUSTON ISD,16.7,36,1130,2400,n
WHEATLEY H S,HOUSTON ISD,15.4,36,1039,2400,n
WORTHING H S,HOUSTON ISD,16,36,1077,2400,n
YATES H S,HOUSTON ISD,15.4,36,1077,2400,n
SHARPSTOWN H S,HOUSTON ISD,17.7,36,1088,2400,n
SCARBOROUGH H S,HOUSTON ISD,19.4,36,1189,2400,n
PERFOR & VIS ARTS H S,HOUSTON ISD,24.7,36,1664,2400,n
DEBAKEY H S FOR HEALTH PROF,HOUSTON ISD,26.3,36,1844,2400,n
CHAVEZ H S,HOUSTON ISD,17.2,36,1166,2400,n
JORDAN H S,HOUSTON ISD,14.9,36,1126,2400,n
LAW ENFCMT-CRIM JUST H S,HOUSTON ISD,19.4,36,1308,2400,n
WESTSIDE H S,HOUSTON ISD,22,36,1399,2400,n
SHARPSTOWN INTERNATIONAL SCHOOL,HOUSTON ISD,0,36,1265,2400,n
EASTWOOD ACADEMY,HOUSTON ISD,19,36,1374,2400,n
NORTH HOUSTON EARLY COLLEGE H S,HOUSTON ISD,19.4,36,1411,2400,n
HOUSTON MATH SCIENCE AND TECHNOLOG,HOUSTON ISD,16.9,36,1063,2400,n
MOUNT CARMEL ACADEMY,HOUSTON ISD,18,36,1241,2400,n
ENERGIZED FOR STEM ACADEMY INC H S,HOUSTON ISD,21.4,36,0,2400,n
CARNEGIE VANGUARD H S,HOUSTON ISD,28.2,36,1883,2400,n
CHALLENGE EARLY COLLEGE H S,HOUSTON ISD,20.8,36,1487,2400,n
LIBERTY H S,HOUSTON ISD,0,36,1142,2400,n
HOPE ACADEMY CHARTER SCHOOL,HOUSTON ISD,-1,36,974,2400,n
EAST EARLY COLLEGE H S,HOUSTON ISD,19.6,36,1424,2400,n
HOUSTON ACADEMY FOR INTERNATIONAL,HOUSTON ISD,-1,36,1385,2400,n
REACH CHARTER,HOUSTON ISD,-1,36,872,2400,n
HUMBLE H S,HUMBLE ISD,17.7,36,1267,2400,n
KINGWOOD H S,HUMBLE ISD,24.8,36,1644,2400,n
QUEST EARLY COLLEGE H S,HUMBLE ISD,21.6,36,1489,2400,n
ATASCOCITA H S,HUMBLE ISD,20.7,36,1439,2400,n
KINGWOOD PARK H S,HUMBLE ISD,21.5,36,1489,2400,n
SUMMER CREEK H S,HUMBLE ISD,18.3,36,1305,2400,n
KATY H S,KATY ISD,21.6,36,1532,2400,n
TAYLOR H S,KATY ISD,24.4,36,1636,2400,n
MAYDE CREEK H S,KATY ISD,20.6,36,1400,2400,n
CINCO RANCH H S,KATY ISD,25.4,36,1690,2400,n
MORTON RANCH H S,KATY ISD,19.6,36,1409,2400,n
SEVEN LAKES H S,KATY ISD,25.2,36,1657,2400,n
RAINES H S,KATY ISD,-1,36,1235,2400,n
KLEIN H S,KLEIN ISD,24.2,36,1585,2400,n
KLEIN FOREST H S,KLEIN ISD,19.1,36,1318,2400,n
KLEIN OAK H S,KLEIN ISD,23.7,36,1539,2400,n
KLEIN COLLINS H S,KLEIN ISD,23.1,36,1505,2400,n
KLEIN ANNEX,KLEIN ISD,0,36,-1,2400,n
LA PORTE HIGH SCHOOL,LA PORTE ISD,20,36,1427,2400,n
DEWALT ALTERNATIVE SCHOOL,LA PORTE ISD,0,36,-1,2400,n
PASADENA HIGH SCHOOL,PASADENA ISD,17.2,36,1243,2400,n
SAM RAYBURN H S,PASADENA ISD,19.2,36,1287,2400,n
SOUTH HOUSTON HIGH SCHOOL,PASADENA ISD,17.4,36,1257,2400,n
DOBIE H S,PASADENA ISD,20.8,36,1366,2400,n
PASADENA MEMORIAL H S,PASADENA ISD,18.9,36,1408,2400,n
SPRING H S,SPRING ISD,18.7,36,1349,2400,n
WESTFIELD H S,SPRING ISD,16.6,36,1203,2400,n
ANDY DEKANEY H S,SPRING ISD,16.3,36,1158,2400,n
MEMORIAL H S,SPRING BRANCH ISD,26.1,36,1724,2400,n
SPRING WOODS H S,SPRING BRANCH ISD,18.2,36,1338,2400,n
NORTHBROOK H S,SPRING BRANCH ISD,17.2,36,1219,2400,n
STRATFORD H S,SPRING BRANCH ISD,24.5,36,1609,2400,n
WESTCHESTER ACADEMY FOR INTERNATIO,SPRING BRANCH ISD,23.4,36,1559,2400,n
TOMBALL H S,TOMBALL ISD,22.7,36,1512,2400,n
C E KING H S,SHELDON ISD,17.6,36,1238,2400,n
HARGRAVE HIGH SCHOOL,HUFFMAN ISD,19.9,36,1427,2400,n
KARNACK H S,KARNACK ISD,14.6,36,0,2400,n
MARSHALL H S,MARSHALL ISD,19.2,36,1378,2400,n
WASKOM H S,WASKOM ISD,20.5,36,-1,2400,n
HALLSVILLE H S,HALLSVILLE ISD,21.8,36,1461,2400,n
HARLETON H S,HARLETON ISD,22,36,1610,2400,n
ELYSIAN FIELDS H S,ELYSIAN FIELDS ISD,20.1,36,0,2400,n
CHANNING SCHOOL,CHANNING ISD,-1,36,0,2400,n
HARTLEY SCHOOL,HARTLEY ISD,17,36,0,2400,n
HASKELL H S,HASKELL CISD,21.1,36,-1,2400,n
RULE SCHOOL,RULE ISD,-1,36,0,2400,n
PAINT CREEK SCHOOL,PAINT CREEK ISD,22.6,36,-1,2400,n
KATHERINE ANNE PORTER SCHOOL,KATHERINE ANNE PORTER SCHOOL,-1,36,1491,2400,n
SAN MARCOS H S,SAN MARCOS CISD,19.5,36,1426,2400,n
DRIPPING SPRINGS H S,DRIPPING SPRINGS ISD,24.6,36,1625,2400,n
WIMBERLEY H S,WIMBERLEY ISD,22.3,36,1536,2400,n
JACK C HAYS H S,HAYS CISD,20.6,36,1441,2400,n
LIVE OAK ACADEMY,HAYS CISD,17,36,1298,2400,n
LEHMAN H S,HAYS CISD,18.6,36,1306,2400,n
CANADIAN H S,CANADIAN ISD,21.7,36,-1,2400,n
ATHENS H S,ATHENS ISD,18.9,36,1392,2400,n
BROWNSBORO H S,BROWNSBORO ISD,21,36,1424,2400,n
CROSS ROADS H S,CROSS ROADS ISD,19.9,36,1560,2400,n
EUSTACE H S,EUSTACE ISD,19.7,36,1414,2400,n
MALAKOFF H S,MALAKOFF ISD,19.5,36,1280,2400,n
TRINIDAD SCHOOL,TRINIDAD ISD,-1,36,-1,2400,n
LAPOYNOR H S,LAPOYNOR ISD,-1,36,1396,2400,n
IGNITE PUBLIC SCH AND COMM SERV CT,IGNITE PUBLIC SCHOOLS AND COMMUNIT,15.3,36,0,2400,n
IGNITE PUBLIC SCH AND COMM SERV CT,IGNITE PUBLIC SCHOOLS AND COMMUNIT,-1,36,-1,2400,n
MIDVALLEY ACADEMY-MERCEDES CHARTER,MIDVALLEY ACADEMY CHARTER DISTRICT,-1,36,0,2400,n
MIDVALLEY ACADEMY-MCALLEN CHARTER,MIDVALLEY ACADEMY CHARTER DISTRICT,16.8,36,0,2400,n
IDEA COLLEGE PREP,IDEA PUBLIC SCHOOLS,20,36,1353,2400,n
IDEA QUEST COLLEGE PREPARATORY,IDEA PUBLIC SCHOOLS,19.9,36,1383,2400,n
IDEA FRONTIER COLLEGE PREPARATORY,IDEA PUBLIC SCHOOLS,19.4,36,1332,2400,n
VANGUARD ACADEMY,VANGUARD ACADEMY,0,36,1440,2400,n
DONNA H S,DONNA ISD,17,36,1439,2400,n
EDCOUCH-ELSA H S,EDCOUCH-ELSA ISD,17,36,1183,2400,n
EDINBURG H S,EDINBURG CISD,18.3,36,1447,2400,n
ECONOMEDES H S,EDINBURG CISD,16.8,36,1450,2400,n
EDINBURG NORTH H S,EDINBURG CISD,17.9,36,1391,2400,n
HIDALGO H S,HIDALGO ISD,17,36,1262,2400,n
HIDALGO ACADEMY,HIDALGO ISD,14.1,36,0,2400,n
MCALLEN H S,MCALLEN ISD,18.7,36,1394,2400,n
MEMORIAL H S,MCALLEN ISD,19.5,36,1466,2400,n
ROWE H S,MCALLEN ISD,19,36,1381,2400,n
LAMAR ACADEMY,MCALLEN ISD,16.2,36,1271,2400,n
ACHIEVE EARLY COLLEGE H S,MCALLEN ISD,19.4,36,1338,2400,n
MERCEDES H S,MERCEDES ISD,17.5,36,1316,2400,n
MERCEDES EARLY COLLEGE ACADEMY,MERCEDES ISD,16.7,36,1398,2400,n
MISSION H S,MISSION CISD,17.1,36,1279,2400,n
VETERANS MEMORIAL H S,MISSION CISD,18.4,36,1402,2400,n
PSJA H S,PHARR-SAN JUAN-ALAMO ISD,16.8,36,1392,2400,n
PSJA MEMORIAL H S,PHARR-SAN JUAN-ALAMO ISD,16.5,36,1257,2400,n
PSJA NORTH H S,PHARR-SAN JUAN-ALAMO ISD,17.2,36,1441,2400,n
PSJA SONIA M SOTOMAYOR H S,PHARR-SAN JUAN-ALAMO ISD,-1,36,0,2400,n
ELVIS J BALLEW H S,PHARR-SAN JUAN-ALAMO ISD,16.3,36,-1,2400,n
COLLEGE CAREER & TECHNOLOGY ACAD,PHARR-SAN JUAN-ALAMO ISD,-1,36,0,2400,n
PSJA THOMAS JEFFERSON ECHS,PHARR-SAN JUAN-ALAMO ISD,18.8,36,-1,2400,n
PROGRESO H S,PROGRESO ISD,16.6,36,1265,2400,n
SHARYLAND H S,SHARYLAND ISD,19.8,36,1407,2400,n
LA JOYA H S,LA JOYA ISD,17.1,36,1286,2400,n
JUAREZ-LINCOLN H S,LA JOYA ISD,16.1,36,1265,2400,n
LA JOYA PALMVIEW H S,LA JOYA ISD,17.3,36,1244,2400,n
WESLACO H S,WESLACO ISD,17.9,36,1587,2400,n
SOUTH PALM GARDENS H S,WESLACO ISD,15.5,36,-1,2400,n
WESLACO EAST H S,WESLACO ISD,17.3,36,1403,2400,n
LA VILLA EARLY COLLEGE H S,LA VILLA ISD,15.8,36,-1,2400,n
MONTE ALTO H S,MONTE ALTO ISD,0,36,-1,2400,n
VALLEY VIEW H S,VALLEY VIEW ISD,17.2,36,1430,2400,n
ABBOTT SCHOOL,ABBOTT ISD,21.9,36,1577,2400,n
BYNUM SCHOOL,BYNUM ISD,19.9,36,-1,2400,n
COVINGTON SCHOOL,COVINGTON ISD,20.3,36,-1,2400,n
HILLSBORO H S,HILLSBORO ISD,-1,36,1375,2400,n
HUBBARD H S,HUBBARD ISD,-1,36,1311,2400,n
ITASCA H S,ITASCA ISD,20.6,36,1387,2400,n
WHITNEY H S,WHITNEY ISD,22.6,36,1511,2400,n
AQUILLA SCHOOL,AQUILLA ISD,18.5,36,1285,2400,n
BLUM H S,BLUM ISD,15.7,36,-1,2400,n
PENELOPE SCHOOL,PENELOPE ISD,-1,36,1266,2400,n
ANTON SCHOOL,ANTON ISD,17.6,36,-1,2400,n
LEVELLAND H S,LEVELLAND ISD,19.4,36,1320,2400,n
ROPES SCHOOL,ROPES ISD,20.5,36,1531,2400,n
SMYER H S,SMYER ISD,19.8,36,1375,2400,n
SUNDOWN H S,SUNDOWN ISD,19.8,36,1369,2400,n
WHITHARRAL SCHOOL,WHITHARRAL ISD,20.3,36,-1,2400,n
GRANBURY H S,GRANBURY ISD,21.7,36,1462,2400,n
STARS ACCELERATED H S,GRANBURY ISD,0,36,-1,2400,n
LIPAN H S,LIPAN ISD,18.2,36,1364,2400,n
TOLAR H S,TOLAR ISD,21.7,36,1484,2400,n
SULPHUR SPRINGS H S,SULPHUR SPRINGS ISD,21.2,36,1469,2400,n
CUMBY H S,CUMBY ISD,20.3,36,1450,2400,n
NORTH HOPKINS H S,NORTH HOPKINS ISD,21.6,36,-1,2400,n
MILLER GROVE SCHOOL,MILLER GROVE ISD,20.4,36,0,2400,n
COMO-PICKTON SCHOOL,COMO-PICKTON CISD,19.1,36,1420,2400,n
SALTILLO SCHOOL,SALTILLO ISD,18.8,36,-1,2400,n
SULPHUR BLUFF ISD,SULPHUR BLUFF ISD,18.8,36,-1,2400,n
CROCKETT H S,CROCKETT ISD,17.5,36,1288,2400,n
GRAPELAND H S,GRAPELAND ISD,17.2,36,-1,2400,n
LOVELADY J H H S,LOVELADY ISD,19.6,36,1429,2400,n
LATEXO H S,LATEXO ISD,20.5,36,1477,2400,n
KENNARD H S,KENNARD ISD,-1,36,1562,2400,n
BIG SPRING H S,BIG SPRING ISD,19.8,36,-1,2400,n
COAHOMA H S,COAHOMA ISD,20.6,36,1372,2400,n
FORSAN H S,FORSAN ISD,22,36,1590,2400,n
FORT HANCOCK H S,FT HANCOCK ISD,15.4,36,1202,2400,n
SIERRA BLANCA SCHOOL,SIERRA BLANCA ISD,16,36,972,2400,n
DELL CITY SCHOOL,DELL CITY ISD,15.1,36,0,2400,n
THE PHOENIX CHARTER SCHOOL,PHOENIX CHARTER SCHOOL,-1,36,-1,2400,n
CADDO MILLS H S,CADDO MILLS ISD,22,36,1568,2400,n
CELESTE H S,CELESTE ISD,20.3,36,-1,2400,n
COMMERCE H S,COMMERCE ISD,19.5,36,1391,2400,n
NEW HORIZONS LEARNING CENTER,GREENVILLE ISD,-1,36,-1,2400,n
GREENVILLE H S,GREENVILLE ISD,20.3,36,1452,2400,n
LONE OAK H S,LONE OAK ISD,21.7,36,1422,2400,n
WH FORD H S,QUINLAN ISD,18.7,36,1399,2400,n
WOLFE CITY H S,WOLFE CITY ISD,21.6,36,1572,2400,n
CAMPBELL H S,CAMPBELL ISD,18.5,36,-1,2400,n
BLAND H S,BLAND ISD,21.1,36,1489,2400,n
BOLES H S,BOLES ISD,20.1,36,1493,2400,n
BORGER H S,BORGER ISD,21.5,36,1506,2400,n
SANFORD-FRITCH H S,SANFORD-FRITCH ISD,20.1,36,-1,2400,n
WEST TEXAS H S,PLEMONS-STINNETT-PHILLIPS CISD,20.8,36,-1,2400,n
IRION H S,IRION COUNTY ISD,21.9,36,1426,2400,n
BRYSON SCHOOL,BRYSON ISD,-1,36,-1,2400,n
JACKSBORO H S,JACKSBORO ISD,20.1,36,1433,2400,n
JACKSBORO LEARNING CENTER,JACKSBORO ISD,-1,36,0,2400,n
PERRIN H S,PERRIN-WHITT CISD,22.2,36,1381,2400,n
EDNA H S,EDNA ISD,19.1,36,1447,2400,n
GANADO H S,GANADO ISD,18.8,36,1465,2400,n
INDUSTRIAL H S,INDUSTRIAL ISD,20.8,36,1428,2400,n
BROOKELAND H S,BROOKELAND ISD,21.2,36,1608,2400,n
BUNA H S,BUNA ISD,20.4,36,1380,2400,n
JASPER H S,JASPER ISD,18.7,36,1388,2400,n
KIRBYVILLE H S,KIRBYVILLE CISD,18.4,36,-1,2400,n
EVADALE H S,EVADALE ISD,17,36,1253,2400,n
FT DAVIS H S,FT DAVIS ISD,21.1,36,1416,2400,n
FORT DAVIS AEC,FT DAVIS ISD,18.8,36,1359,2400,n
VALENTINE SCHOOL,VALENTINE ISD,0,36,1246,2400,n
TEKOA ACADEMY OF ACCELERATED STUDI,TEKOA ACADEMY OF ACCELERATED STUDI,-1,36,1046,2400,n
BOB HOPE SCHOOL,BOB HOPE SCHOOL,0,36,1047,2400,n
NEDERLAND H S,NEDERLAND ISD,21.5,36,1423,2400,n
MEMORIAL H S,PORT ARTHUR ISD,16.7,36,1185,2400,n
PORT NECHES-GROVES H S,PORT NECHES-GROVES ISD,21.7,36,1410,2400,n
CENTRAL SENIOR H S,BEAUMONT ISD,15.6,36,1183,2400,n
OZEN H S,BEAUMONT ISD,16.1,36,1189,2400,n
WEST BROOK SR H S,BEAUMONT ISD,21.2,36,1414,2400,n
PAUL A BROWN ALTERNATIVE CENTER,BEAUMONT ISD,0,36,1170,2400,n
SABINE PASS SCHOOL,SABINE PASS ISD,21,36,1353,2400,n
HAMSHIRE-FANNETT H S,HAMSHIRE-FANNETT ISD,20.9,36,1485,2400,n
HEBBRONVILLE H S,JIM HOGG COUNTY ISD,16.1,36,-1,2400,n
ALICE H S,ALICE ISD,18.5,36,1536,2400,n
BEN BOLT-PAL BLANCO H S,BEN BOLT-PALITO BLANCO ISD,16.9,36,-1,2400,n
ORANGE GROVE H S,ORANGE GROVE ISD,19.3,36,1429,2400,n
PREMONT H S,PREMONT ISD,17.3,36,-1,2400,n
ALVARADO H S,ALVARADO ISD,18.2,36,1321,2400,n
BURLESON H S,BURLESON ISD,21.2,36,1464,2400,n
CROSSROADS H S,BURLESON ISD,-1,36,-1,2400,n
BURLESON CENTENNIAL H S,BURLESON ISD,0,36,-1,2400,n
CLEBURNE H S,CLEBURNE ISD,22.4,36,1445,2400,n
TEAM SCH,CLEBURNE ISD,-1,36,-1,2400,n
GRANDVIEW H S,GRANDVIEW ISD,22.5,36,1512,2400,n
JOSHUA H S,JOSHUA ISD,21.6,36,1438,2400,n
NEW HORIZON H S,JOSHUA ISD,0,36,-1,2400,n
KEENE WANDA R SMITH H S,KEENE ISD,-1,36,1308,2400,n
ALTER LEARNING CTR,KEENE ISD,0,36,-1,2400,n
RIO VISTA H S,RIO VISTA ISD,20.1,36,1376,2400,n
VENUS H S,VENUS ISD,18.8,36,1386,2400,n
GODLEY H S,GODLEY ISD,21.3,36,1441,2400,n
ANSON H S,ANSON ISD,18.9,36,1474,2400,n
HAMLIN H S,HAMLIN ISD,18.9,36,-1,2400,n
HAWLEY H S,HAWLEY ISD,18.8,36,1288,2400,n
LUEDERS-AVOCA H S,LUEDERS-AVOCA ISD,19.1,36,0,2400,n
STAMFORD H S,STAMFORD ISD,19.6,36,-1,2400,n
KARNES CITY H S,KARNES CITY ISD,18.6,36,1436,2400,n
KENEDY H S,KENEDY ISD,19.8,36,-1,2400,n
RUNGE H S,RUNGE ISD,18.3,36,-1,2400,n
FALLS CITY H S,FALLS CITY ISD,21.2,36,1396,2400,y
CRANDALL H S,CRANDALL ISD,21.1,36,1469,2400,n
FORNEY H S,FORNEY ISD,21.1,36,1429,2400,n
NORTH FORNEY H S,FORNEY ISD,18.1,36,1348,2400,n
KAUFMAN H S,KAUFMAN ISD,20.1,36,1380,2400,n
GARY W CAMPBELL H S,KAUFMAN ISD,0,36,-1,2400,n
KEMP H S,KEMP ISD,21.8,36,1378,2400,n
MABANK H S,MABANK ISD,20.7,36,1392,2400,n
TERRELL H S,TERRELL ISD,19.5,36,1358,2400,n
SCURRY-ROSSER H S,SCURRY-ROSSER ISD,20.5,36,1466,2400,n
MEADOWLAND CHARTER SCHOOL,MEADOWLAND CHARTER SCHOOL,0,36,-1,2400,y
BOERNE H S,BOERNE ISD,24.2,36,1567,2400,y
BOERNE - SAMUEL V CHAMPION H S,BOERNE ISD,24.5,36,1612,2400,y
COMFORT H S,COMFORT ISD,20,36,1424,2400,n
JAYTON SCHOOLS,JAYTON-GIRARD ISD,19.3,36,-1,2400,n
CENTER POINT H S,CENTER POINT ISD,19.6,36,1351,2400,y
TIVY H S,KERRVILLE ISD,22.6,36,1500,2400,y
HILL COUNTRY H S,KERRVILLE ISD,-1,36,0,2400,y
INGRAM-TOM MOORE SECONDARY CAMPUS,INGRAM ISD,21.3,36,1433,2400,y
JUNCTION H S,JUNCTION ISD,19.9,36,1292,2400,n
GUTHRIE SCHOOL,GUTHRIE CSD,17,36,0,2400,n
BRACKETT H S,BRACKETT ISD,21.2,36,1324,2400,y
H M KING H S,KINGSVILLE ISD,18.3,36,1323,2400,n
KAUFER H S,RIVIERA ISD,18,36,1262,2400,n
SANTA GERTRUDIS ACADEMY H S,SANTA GERTRUDIS ISD,19.3,36,1441,2400,n
KNOX CITY H S,KNOX CITY-O'BRIEN CISD,20.3,36,-1,2400,n
MUNDAY SECONDARY,MUNDAY CISD,19.4,36,0,2400,n
BENJAMIN SCHOOL,BENJAMIN ISD,-1,36,0,2400,n
CHISUM H S,CHISUM ISD,19.9,36,-1,2400,n
ROXTON ISD,ROXTON ISD,16.1,36,0,2400,n
PARIS H S,PARIS ISD,20.8,36,1589,2400,n
NORTH LAMAR H S,NORTH LAMAR ISD,22.1,36,1454,2400,n
PRAIRILAND H S,PRAIRILAND ISD,21.4,36,1340,2400,n
AMHERST SCHOOL,AMHERST ISD,-1,36,0,2400,n
LITTLEFIELD H S,LITTLEFIELD ISD,18.9,36,1566,2400,n
OLTON H S,OLTON ISD,19.3,36,1362,2400,n
SPRINGLAKE-EARTH H S,SPRINGLAKE-EARTH ISD,20.4,36,0,2400,n
SUDAN H S,SUDAN ISD,19.6,36,-1,2400,n
LAMPASAS H S,LAMPASAS ISD,21.5,36,1459,2400,n
LOMETA SCHOOL,LOMETA ISD,21.6,36,1454,2400,n
COTULLA H S,COTULLA ISD,16.3,36,1311,2400,y
HALLETTSVILLE H S,HALLETTSVILLE ISD,20.2,36,1408,2400,n
MOULTON H S,MOULTON ISD,21,36,1489,2400,n
SHINER H S,SHINER ISD,22.7,36,1448,2400,n
GIDDINGS H S,GIDDINGS ISD,19.3,36,1368,2400,n
LEXINGTON HIGH SCHOOL,LEXINGTON ISD,18.7,36,1350,2400,n
DIME BOX SCHOOL,DIME BOX ISD,0,36,1160,2400,n
BUFFALO H S,BUFFALO ISD,18.5,36,1339,2400,n
CENTERVILLE JR-SR H S,CENTERVILLE ISD,17.3,36,1286,2400,n
NORMANGEE H S,NORMANGEE ISD,18.9,36,1338,2400,n
OAKWOOD H S,OAKWOOD ISD,-1,36,-1,2400,n
LEON H S,LEON ISD,19.5,36,1399,2400,n
CLEVELAND H S,CLEVELAND ISD,18.9,36,1267,2400,n
DAYTON H S,DAYTON ISD,18.7,36,1356,2400,n
HARDIN H S,HARDIN ISD,17.2,36,1322,2400,n
HULL-DAISETTA H S,HULL-DAISETTA ISD,0,36,1333,2400,n
LIBERTY H S,LIBERTY ISD,19.1,36,1421,2400,n
TARKINGTON H S,TARKINGTON ISD,21.2,36,1491,2400,n
COOLIDGE H S,COOLIDGE ISD,17.4,36,-1,2400,n
GROESBECK H S,GROESBECK ISD,19.3,36,1241,2400,n
MEXIA H S,MEXIA ISD,17.6,36,-1,2400,n
BOOKER JH/H S,BOOKER ISD,19.1,36,0,2400,n
FOLLETT SCHOOL,FOLLETT ISD,24.7,36,0,2400,n
HIGGINS SCHOOL,HIGGINS ISD,-1,36,0,2400,n
DARROUZETT SCHOOLS,DARROUZETT ISD,18.3,36,0,2400,n
GEORGE WEST H S,GEORGE WEST ISD,19.9,36,1500,2400,n
THREE RIVERS H S,THREE RIVERS ISD,19.9,36,1344,2400,n
LLANO H S,LLANO ISD,20,36,1457,2400,n
SOUTH PLAINS ACADEMY CHARTER H S,SOUTH PLAINS ACADEMY CHARTER DISTR,0,36,-1,2400,n
HARMONY SCIENCE ACAD-LUBBOCK,HARMONY SCIENCE ACAD (LUBBOCK),0,36,1231,2400,n
MATTHEWS LRN CTR/NEW DIRECTIONS,LUBBOCK ISD,-1,36,-1,2400,n
CORONADO H S,LUBBOCK ISD,21.8,36,1503,2400,n
ESTACADO H S,LUBBOCK ISD,16.3,36,1085,2400,n
LUBBOCK H S,LUBBOCK ISD,22.7,36,1603,2400,n
MONTEREY H S,LUBBOCK ISD,20.3,36,1461,2400,n
NEW DEAL H S,NEW DEAL ISD,19.7,36,1434,2400,n
SLATON H S,SLATON ISD,19.4,36,-1,2400,n
LUBBOCK-COOPER HIGH SCHOOL,LUBBOCK-COOPER ISD,22.3,36,1477,2400,n
FRENSHIP H S,FRENSHIP ISD,22.2,36,1496,2400,n
ROOSEVELT H S,ROOSEVELT ISD,21.2,36,1410,2400,n
SHALLOWATER H S,SHALLOWATER ISD,21,36,1482,2400,n
WOODWARD ACADEMY,SHALLOWATER ISD,-1,36,0,2400,n
IDALOU H S,IDALOU ISD,21.5,36,1515,2400,n
O'DONNELL H S,O'DONNELL ISD,18.6,36,0,2400,n
TAHOKA H S,TAHOKA ISD,19.4,36,1428,2400,n
NEW HOME SCHOOL,NEW HOME ISD,20.4,36,-1,2400,n
WILSON SCHOOL,WILSON ISD,-1,36,-1,2400,n
MADISONVILLE H S,MADISONVILLE CISD,19.8,36,1387,2400,n
NORTH ZULCH ELEMENTARY/SECONDARY,NORTH ZULCH ISD,17.6,36,1288,2400,n
JEFFERSON H S,JEFFERSON ISD,19.9,36,-1,2400,n
STANTON H S,STANTON ISD,23.8,36,1397,2400,n
GRADY SCHOOL,GRADY ISD,20.7,36,-1,2400,n
MASON H S,MASON ISD,21,36,1451,2400,n
BAY CITY H S,BAY CITY ISD,19.3,36,1318,2400,n
TIDEHAVEN H S,TIDEHAVEN ISD,19.2,36,1376,2400,n
PALACIOS H S,PALACIOS ISD,19.9,36,1275,2400,n
VAN VLECK H S,VAN VLECK ISD,20.4,36,1333,2400,n
EAGLE PASS HIGH SCHOOL,EAGLE PASS ISD,19.9,36,1272,2400,y
C C WINN HIGH SCHOOL,EAGLE PASS ISD,17,36,1229,2400,y
BRADY H S,BRADY ISD,20.5,36,1548,2400,n
ROCHELLE SCHOOL,ROCHELLE ISD,16.6,36,-1,2400,n
LOHN SCHOOL,LOHN ISD,17.2,36,0,2400,n
PAUL AND JANE MEYER PUBLIC H S,RAPOPORT ACADEMY PUBLIC SCHOOL,23.1,36,1528,2400,n
HARMONY SCIENCE ACAD-WACO,HARMONY SCIENCE ACAD (WACO),0,36,1562,2400,n
HARMONY SCIENCE ACADEMY - DALLAS,HARMONY SCIENCE ACAD (WACO),-1,36,1461,2400,n
CRAWFORD H S,CRAWFORD ISD,23.7,36,1425,2400,n
MIDWAY H S,MIDWAY ISD,22.9,36,1538,2400,n
LA VEGA H S,LA VEGA ISD,16.9,36,1264,2400,n
LORENA HIGH,LORENA ISD,23.6,36,1529,2400,n
MART H S,MART ISD,20.7,36,1352,2400,n
MCGREGOR H S,MCGREGOR ISD,19.5,36,1415,2400,n
MOODY H S,MOODY ISD,20.3,36,1539,2400,n
RIESEL SCHOOL,RIESEL ISD,20.6,36,1440,2400,n
WACO H S,WACO ISD,17.1,36,1308,2400,n
UNIVERSITY H S,WACO ISD,17.9,36,1262,2400,n
A J MOORE ACADEMY,WACO ISD,19.9,36,1391,2400,n
WEST H S,WEST ISD,21.3,36,1398,2400,n
AXTELL H S,AXTELL ISD,21.2,36,1520,2400,n
BRUCEVILLE-EDDY H S,BRUCEVILLE-EDDY ISD,21,36,1432,2400,n
CHINA SPRING H S,CHINA SPRING ISD,23.4,36,1562,2400,n
CONNALLY HIGH SCHOOL,CONNALLY ISD,17.9,36,1330,2400,n
ROBINSON H S,ROBINSON ISD,22.1,36,1530,2400,n
BOSQUEVILLE SCHOOL SECONDARY,BOSQUEVILLE ISD,20.3,36,1494,2400,n
MCMULLEN COUNTY SCHOOL,MCMULLEN COUNTY ISD,21.8,36,1453,2400,n
DEVINE H S,DEVINE ISD,18.5,36,1379,2400,y
D'HANIS SCHOOL,D'HANIS ISD,23,36,1541,2400,y
NATALIA H S,NATALIA ISD,18.1,36,1261,2400,y
HONDO H S,HONDO ISD,22.3,36,1581,2400,y
MEDINA VALLEY H S,MEDINA VALLEY ISD,20.6,36,1468,2400,y
MENARD H S,MENARD ISD,19.7,36,1416,2400,n
LEE H S,MIDLAND ISD,21.8,36,1489,2400,n
MIDLAND H S,MIDLAND ISD,21.8,36,1458,2400,n
VIOLA M COLEMAN H S,MIDLAND ISD,0,36,1318,2400,n
EARLY COLLEGE H S AT MIDLAND COLLE,MIDLAND ISD,0,36,-1,2400,n
GREENWOOD H S,GREENWOOD ISD,21,36,1460,2400,n
CAMERON YOE H S,CAMERON ISD,18.3,36,1429,2400,n
MILANO H S,MILANO ISD,22,36,1487,2400,n
ROCKDALE H S,ROCKDALE ISD,19.1,36,1371,2400,n
THORNDALE H S,THORNDALE ISD,19.3,36,1317,2400,n
BUCKHOLTS SCHOOL,BUCKHOLTS ISD,-1,36,-1,2400,n
GOLDTHWAITE H S,GOLDTHWAITE ISD,19,36,1400,2400,n
MULLIN HIGH SCHOOL,MULLIN ISD,-1,36,0,2400,n
STAR SCHOOL,STAR ISD,-1,36,0,2400,n
PRIDDY SCHOOL,PRIDDY ISD,-1,36,-1,2400,n
COLORADO HIGH SCHOOL,COLORADO ISD,20.4,36,1620,2400,n
WALLACE ACCELERATED H S,COLORADO ISD,-1,36,0,2400,n
LORAINE SCHOOL,LORAINE ISD,-1,36,1146,2400,n
WESTBROOK SCHOOL,WESTBROOK ISD,18.5,36,1332,2400,n
BOWIE H S,BOWIE ISD,20.9,36,1441,2400,n
NOCONA H S,NOCONA ISD,20.6,36,1419,2400,n
GOLD BURG SCHOOL,GOLD BURG ISD,0,36,1197,2400,n
PRAIRIE VALLEY H S,PRAIRIE VALLEY ISD,23.4,36,-1,2400,n
FORESTBURG SCHOOL,FORESTBURG ISD,21.3,36,-1,2400,n
SAINT JO H S,SAINT JO ISD,-1,36,1447,2400,n
CONROE H S,CONROE ISD,19.4,36,1414,2400,n
HAUKE ALTER ED,CONROE ISD,16.1,36,-1,2400,n
THE WOODLANDS H S,CONROE ISD,24.7,36,1652,2400,n
OAK RIDGE H S,CONROE ISD,21.1,36,1437,2400,n
CANEY CREEK H S,CONROE ISD,18.4,36,1351,2400,n
COLLEGE PARK H S,CONROE ISD,25.3,36,1628,2400,n
MONTGOMERY H S,MONTGOMERY ISD,22.5,36,1528,2400,n
WILLIS H S,WILLIS ISD,20,36,1400,2400,n
MAGNOLIA H S,MAGNOLIA ISD,21.4,36,1518,2400,n
MAGNOLIA WEST H S,MAGNOLIA ISD,21.4,36,1460,2400,n
ALPHA,MAGNOLIA ISD,-1,36,-1,2400,n
SPLENDORA H S,SPLENDORA ISD,18.6,36,1360,2400,n
NEW CANEY H S,NEW CANEY ISD,21.5,36,1417,2400,n
PORTER H S,NEW CANEY ISD,0,36,1412,2400,n
DUMAS H S,DUMAS ISD,20.3,36,1609,2400,n
SUNRAY H S,SUNRAY ISD,20.6,36,-1,2400,n
DAINGERFIELD H S,DAINGERFIELD-LONE STAR ISD,18.5,36,1368,2400,n
PEWITT H S,PEWITT CISD,18.9,36,1187,2400,n
MOTLEY COUNTY SCHOOL,MOTLEY COUNTY ISD,19.2,36,-1,2400,n
CHIRENO H S,CHIRENO ISD,19.7,36,-1,2400,n
CUSHING SCHOOL,CUSHING ISD,20.1,36,1465,2400,n
GARRISON H S,GARRISON ISD,20.2,36,-1,2400,n
NACOGDOCHES H S,NACOGDOCHES ISD,20.6,36,1488,2400,n
MARTIN EDUCATIONAL CENTER FOR ACHI,NACOGDOCHES ISD,-1,36,-1,2400,n
WODEN H S,WODEN ISD,19.8,36,-1,2400,n
CENTRAL HEIGHTS H S,CENTRAL HEIGHTS ISD,21.4,36,1501,2400,n
MARTINSVILLE SCHOOL,MARTINSVILLE ISD,20,36,1633,2400,n
DOUGLASS SCHOOL,DOUGLASS ISD,21.5,36,1662,2400,n
BLOOMING GROVE H S,BLOOMING GROVE ISD,21.2,36,1487,2400,n
CORSICANA H IGH SCHOOL,CORSICANA ISD,18.4,36,1324,2400,n
DAWSON H S,DAWSON ISD,20.1,36,-1,2400,n
FROST H S,FROST ISD,20.6,36,1430,2400,n
KERENS SCHOOL,KERENS ISD,17.8,36,1302,2400,n
MILDRED H S,MILDRED ISD,21.7,36,1396,2400,n
RICE H S,RICE ISD,17.3,36,1278,2400,n
BURKEVILLE H S,BURKEVILLE ISD,21.9,36,-1,2400,n
NEWTON H S,NEWTON ISD,17.1,36,1402,2400,n
DEWEYVILLE H S,DEWEYVILLE ISD,-1,36,1341,2400,n
ROSCOE COLLEGIATE H S,ROSCOE COLLEGIATE ISD,19,36,-1,2400,n
SWEETWATER H S,SWEETWATER ISD,20.2,36,1548,2400,n
BLACKWELL SCHOOL,BLACKWELL CISD,15.8,36,1090,2400,n
HIGHLAND SCHOOL,HIGHLAND ISD,21.4,36,-1,2400,n
RICHARD MILBURN ALTER H S (CORPUS,RICHARD MILBURN ALTER HIGH SCHOOL,-1,36,1081,2400,n
AGUA DULCE H S,AGUA DULCE ISD,17.6,36,0,2400,n
BISHOP H S,BISHOP CISD,18.8,36,1419,2400,n
CALALLEN H S,CALALLEN ISD,20.9,36,1379,2400,n
CARROLL H S,CORPUS CHRISTI ISD,22.2,36,1289,2400,n
KING H S,CORPUS CHRISTI ISD,20.9,36,1348,2400,n
ROY MILLER H S AND METRO SCHOOL OF,CORPUS CHRISTI ISD,15.7,36,1115,2400,n
MOODY H S,CORPUS CHRISTI ISD,16.9,36,1145,2400,n
RAY H S,CORPUS CHRISTI ISD,18.8,36,1192,2400,n
COLLEGIATE H S,CORPUS CHRISTI ISD,20.5,36,1425,2400,n
COLES H S AND EDUCATIONAL CENTER,CORPUS CHRISTI ISD,0,36,883,2400,n
PORT ARANSAS H S,PORT ARANSAS ISD,20,36,1538,2400,n
ROBSTOWN H S,ROBSTOWN ISD,16.2,36,1275,2400,n
TULOSO-MIDWAY H S,TULOSO-MIDWAY ISD,21.6,36,1463,2400,n
BANQUETE H S,BANQUETE ISD,18.6,36,-1,2400,n
FLOUR BLUFF H S,FLOUR BLUFF ISD,21.6,36,1511,2400,n
WEST OSO H S,WEST OSO ISD,16.3,36,1191,2400,n
PERRYTON H S,PERRYTON ISD,19.9,36,-1,2400,n
BOYS RANCH H S,BOYS RANCH ISD,16.9,36,1236,2400,n
VEGA H S,VEGA ISD,20.5,36,0,2400,n
ADRIAN SCHOOL,ADRIAN ISD,21.3,36,0,2400,n
BRIDGE CITY H S,BRIDGE CITY ISD,20.9,36,1394,2400,n
ORANGEFIELD H S,ORANGEFIELD ISD,19.7,36,1421,2400,n
WEST ORANGE-STARK H S,WEST ORANGE-COVE CISD,17.4,36,1205,2400,n
VIDOR H S,VIDOR ISD,21.4,36,1355,2400,n
LIT CYPR-MRCEVILLE H S,LITTLE CYPRESS-MAURICEVILLE CISD,21.7,36,1456,2400,n
GORDON SCHOOL,GORDON ISD,17.4,36,0,2400,n
GRAFORD H S,GRAFORD ISD,18.3,36,1244,2400,n
MINERAL WELLS H S,MINERAL WELLS ISD,21.7,36,1387,2400,n
SANTO H S,SANTO ISD,20.4,36,1395,2400,n
STRAWN SCHOOL,STRAWN ISD,16,36,0,2400,n
PANOLA CS,PANOLA CHARTER SCHOOL,-1,36,0,2400,n
BECKVILLE JR-SR HIGH SCHOOL,BECKVILLE ISD,19,36,-1,2400,n
CARTHAGE H S,CARTHAGE ISD,20.6,36,1535,2400,n
GARY SCHOOL,GARY ISD,19.9,36,0,2400,n
CROSSTIMBERS ACADEMY,CROSSTIMBERS ACADEMY,-1,36,-1,2400,n
POOLVILLE H S,POOLVILLE ISD,-1,36,1373,2400,n
SPRINGTOWN H S,SPRINGTOWN ISD,21.6,36,1397,2400,n
WEATHERFORD H S,WEATHERFORD ISD,22,36,1494,2400,n
MILLSAP H S,MILLSAP ISD,21.8,36,1445,2400,n
ALEDO H S,ALEDO ISD,24.2,36,1599,2400,n
PEASTER H S,PEASTER ISD,20.9,36,1536,2400,n
BROCK H S,BROCK ISD,22,36,1490,2400,n
BOVINA H S,BOVINA ISD,18.2,36,1192,2400,n
FARWELL H S,FARWELL ISD,19.7,36,-1,2400,n
FRIONA H S,FRIONA ISD,18.9,36,-1,2400,n
LAZBUDDIE SCHOOL,LAZBUDDIE ISD,19.5,36,0,2400,n
BUENA VISTA SCHOOL,BUENA VISTA ISD,-1,36,-1,2400,n
FORT STOCKTON H S,FORT STOCKTON ISD,17.9,36,1301,2400,n
IRAAN H S,IRAAN-SHEFFIELD ISD,19.8,36,1293,2400,n
CHALLENGE H S SHEFFIELD,IRAAN-SHEFFIELD ISD,16.5,36,0,2400,n
BIG SANDY SCHOOL,BIG SANDY ISD,23.4,36,1293,2400,n
GOODRICH H S,GOODRICH ISD,17.6,36,1190,2400,n
CORRIGAN-CAMDEN H S,CORRIGAN-CAMDEN ISD,16.4,36,1246,2400,n
LEGGETT H S,LEGGETT ISD,18.8,36,0,2400,n
LIVINGSTON H S,LIVINGSTON ISD,19.4,36,1348,2400,n
ONALASKA JR/SR HIGH,ONALASKA ISD,21.1,36,1439,2400,n
RICHARD MILBURN ACADEMY (AMARILLO),RICHARD MILBURN ACADEMY (AMARILLO),17.4,36,-1,2400,n
AMARILLO H S,AMARILLO ISD,22.9,36,1545,2400,n
CAPROCK H S,AMARILLO ISD,17.6,36,1234,2400,n
AMARILLO AREA CTR FOR ADVANCED LRN,AMARILLO ISD,0,36,-1,2400,n
PALO DURO H S,AMARILLO ISD,16.7,36,1280,2400,n
TASCOSA H S,AMARILLO ISD,20.3,36,1509,2400,n
RIVER ROAD H S,RIVER ROAD ISD,20,36,1489,2400,n
HIGHLAND PARK H S,HIGHLAND PARK ISD,18.5,36,1281,2400,n
BUSHLAND H S,BUSHLAND ISD,21.8,36,1510,2400,n
MARFA JUNIOR/SENIOR HIGH,MARFA ISD,16.8,36,-1,2400,n
PRESIDIO H S,PRESIDIO ISD,16.5,36,1260,2400,n
RAINS H S,RAINS ISD,20.1,36,1539,2400,n
CANYON H S,CANYON ISD,22.4,36,1546,2400,n
RANDALL H S,CANYON ISD,21.7,36,1516,2400,n
MIDWAY ALTERNATIVE H S,CANYON ISD,-1,36,0,2400,n
REAGAN COUNTY H S,REAGAN COUNTY ISD,19.4,36,1360,2400,n
LEAKEY SCHOOL,LEAKEY ISD,17.4,36,-1,2400,y
AVERY H S,AVERY ISD,20.3,36,-1,2400,n
RIVERCREST H S,RIVERCREST ISD,21.1,36,-1,2400,n
CLARKSVILLE H S,CLARKSVILLE ISD,17.5,36,0,2400,n
DETROIT H S,DETROIT ISD,20,36,-1,2400,n
PECOS H S,PECOS-BARSTOW-TOYAH ISD,19.8,36,1295,2400,n
BALMORHEA SCHOOL,BALMORHEA ISD,-1,36,1223,2400,n
AUSTWELL-TIVOLI H S,AUSTWELL-TIVOLI ISD,18,36,1366,2400,n
WOODSBORO H S,WOODSBORO ISD,18.4,36,1474,2400,n
REFUGIO H S,REFUGIO ISD,16.7,36,1228,2400,n
MIAMI SCHOOL,MIAMI ISD,22.4,36,-1,2400,n
BREMOND H S,BREMOND ISD,18.7,36,1296,2400,n
CALVERT SCHOOL,CALVERT ISD,15.2,36,0,2400,n
FRANKLIN H S,FRANKLIN ISD,21.3,36,1504,2400,n
HEARNE H S,HEARNE ISD,15.9,36,1264,2400,n
MUMFORD H S,MUMFORD ISD,20,36,1459,2400,n
ROCKWALL H S,ROCKWALL ISD,23.5,36,1587,2400,n
ROCKWALL-HEATH H S,ROCKWALL ISD,23.1,36,1536,2400,n
ROYSE CITY H S,ROYSE CITY ISD,21,36,1396,2400,n
BALLINGER H S,BALLINGER ISD,19.2,36,1526,2400,n
MILES H S,MILES ISD,18.6,36,0,2400,n
WINTERS H S,WINTERS ISD,20.3,36,1428,2400,n
HENDERSON H S,HENDERSON ISD,20.1,36,1353,2400,n
LANEVILLE SCHOOL,LANEVILLE ISD,16.9,36,0,2400,n
LEVERETTS CHAPEL H S,LEVERETTS CHAPEL ISD,18,36,0,2400,n
MT ENTERPRISE H S,MOUNT ENTERPRISE ISD,18.6,36,-1,2400,n
OVERTON H S,OVERTON ISD,19.5,36,1376,2400,n
TATUM H S,TATUM ISD,19.9,36,1677,2400,n
CARLISLE SCHOOL,CARLISLE ISD,17.4,36,1217,2400,n
WEST RUSK H S,WEST RUSK COUNTY CONSOLIDATED ISD,18.3,36,-1,2400,n
HEMPHILL H S,HEMPHILL ISD,21.4,36,1585,2400,n
WEST SABINE H S,WEST SABINE ISD,20.4,36,1416,2400,n
SAN AUGUSTINE H S,SAN AUGUSTINE ISD,18.2,36,-1,2400,n
BROADDUS H S,BROADDUS ISD,16.8,36,-1,2400,n
COLDSPRING-OAKHURST HIGH SCHOOL,COLDSPRING-OAKHURST CISD,19.4,36,1340,2400,n
SHEPHERD H S,SHEPHERD ISD,18.4,36,1335,2400,n
ARANSAS PASS H S,ARANSAS PASS ISD,18.1,36,1381,2400,n
GREGORY-PORTLAND H S,GREGORY-PORTLAND ISD,20,36,1483,2400,n
INGLESIDE H S,INGLESIDE ISD,20.3,36,1392,2400,n
MATHIS H S,MATHIS ISD,17.2,36,1316,2400,n
ODEM H S,ODEM-EDROY ISD,18.4,36,1391,2400,n
SINTON H S,SINTON ISD,19.8,36,1343,2400,n
TAFT H S,TAFT ISD,16.4,36,1287,2400,n
SAN SABA H S,SAN SABA ISD,19.7,36,-1,2400,n
RICHLAND SPRINGS SCHOOL,RICHLAND SPRINGS ISD,17.3,36,-1,2400,n
CHEROKEE SCHOOL,CHEROKEE ISD,18.9,36,1417,2400,n
ELDORADO H S,SCHLEICHER ISD,20.3,36,0,2400,n
HERMLEIGH SCHOOL,HERMLEIGH ISD,-1,36,0,2400,n
SNYDER H S,SNYDER ISD,20.1,36,1479,2400,n
IRA SCHOOL,IRA ISD,18.2,36,-1,2400,n
ALBANY JR-SR H S,ALBANY ISD,21.7,36,1408,2400,n
MORAN SCHOOL,MORAN ISD,0,36,-1,2400,n
CENTER H S,CENTER ISD,18.2,36,1376,2400,n
JOAQUIN H S,JOAQUIN ISD,20.1,36,-1,2400,n
SHELBYVILLE SCHOOL,SHELBYVILLE ISD,20.9,36,-1,2400,n
TENAHA SCHOOLS,TENAHA ISD,16.2,36,1136,2400,n
TIMPSON H S,TIMPSON ISD,19,36,-1,2400,n
STRATFORD H S,STRATFORD ISD,19,36,-1,2400,n
ARP H S,ARP ISD,19.3,36,1309,2400,n
BULLARD H S,BULLARD ISD,21.3,36,1420,2400,n
LINDALE H S,LINDALE ISD,22.4,36,1443,2400,n
TROUP H S,TROUP ISD,19.8,36,1529,2400,n
ROBERT E LEE H S,TYLER ISD,22.1,36,1480,2400,n
JOHN TYLER H S,TYLER ISD,16.2,36,1237,2400,n
WHITEHOUSE H S,WHITEHOUSE ISD,23.5,36,1538,2400,n
CHAPEL HILL H S,CHAPEL HILL ISD,18.8,36,1325,2400,n
WINONA H S,WINONA ISD,20,36,1313,2400,n
BRAZOS RIVER CHARTER SCHOOL,BRAZOS RIVER CHARTER SCHOOL,-1,36,1412,2400,n
GLEN ROSE H S,GLEN ROSE ISD,21.1,36,1390,2400,n
RIO GRANDE CITY H S,RIO GRANDE CITY CISD,16.8,36,1340,2400,n
RIO GRANDE CITY CISD GRULLA H S,RIO GRANDE CITY CISD,16.4,36,1324,2400,n
SAN ISIDRO H S,SAN ISIDRO ISD,17.7,36,-1,2400,n
ROMA H S,ROMA ISD,17.6,36,1415,2400,n
BRECKENRIDGE H S,BRECKENRIDGE ISD,21.4,36,1360,2400,n
STERLING CITY H S,STERLING CITY ISD,18.1,36,0,2400,n
ASPERMONT H S,ASPERMONT ISD,18.9,36,-1,2400,n
SONORA H S,SONORA ISD,19.1,36,-1,2400,n
HAPPY H S,HAPPY ISD,20.9,36,-1,2400,n
TULIA H S,TULIA ISD,18.8,36,-1,2400,n
KRESS H S,KRESS ISD,16.4,36,0,2400,n
TREETOPS SCHOOL INTERNATIONAL,TREETOPS SCHOOL INTERNATIONAL,-1,36,1346,2400,n
FORT WORTH CAN ACADEMY,FORT WORTH CAN ACADEMY,14.6,36,1163,2400,n
RIVER OAKS,FORT WORTH CAN ACADEMY,-1,36,-1,2400,n
FORT WORTH ACADEMY OF FINE ARTS,FORT WORTH ACADEMY OF FINE ARTS,22.3,36,1632,2400,n
WESTLAKE ACADEMY,WESTLAKE ACADEMY CHARTER SCHOOL,26.1,36,1736,2400,n
RICHARD MILBURN ACADEMY - FORT WOR,RICHARD MILBURN ACADEMY (FORT WORT,-1,36,-1,2400,n
HARMONY SCIENCE ACAD-FORT WORTH,HARMONY SCIENCE ACAD (FORT WORTH),24.5,36,1546,2400,n
HARMONY SCIENCE ACAD-GRAND PRAIRIE,HARMONY SCIENCE ACAD (FORT WORTH),0,36,-1,2400,n
SUMMIT INTERNATIONAL PREPARATORY,UPLIFT EDUCATION-SUMMIT INTERNATIO,20.7,36,0,2400,n
ARLINGTON H S,ARLINGTON ISD,22.4,36,1483,2400,n
SAM HOUSTON H S,ARLINGTON ISD,17.7,36,1265,2400,n
LAMAR H S,ARLINGTON ISD,21.8,36,1488,2400,n
BOWIE H S,ARLINGTON ISD,18.6,36,1368,2400,n
MARTIN H S,ARLINGTON ISD,22.8,36,1584,2400,n
VENTURE ALTER H S,ARLINGTON ISD,0,36,1240,2400,n
SEGUIN H S,ARLINGTON ISD,18.9,36,1377,2400,n
HALTOM H S,BIRDVILLE ISD,19.5,36,1388,2400,n
RICHLAND H S,BIRDVILLE ISD,23.1,36,1525,2400,n
BIRDVILLE H S,BIRDVILLE ISD,22.3,36,1470,2400,n
EVERMAN H S,EVERMAN ISD,16.8,36,1253,2400,n
CARTER-RIVERSIDE H S,FORT WORTH ISD,16.8,36,1214,2400,n
ARLINGTON HEIGHTS H S,FORT WORTH ISD,20.8,36,1419,2400,n
SOUTH HILLS H S,FORT WORTH ISD,16,36,1179,2400,n
DIAMOND HILL-JARVIS H S,FORT WORTH ISD,16.1,36,1156,2400,n
DUNBAR H S,FORT WORTH ISD,15.6,36,1151,2400,n
EASTERN HILLS H S,FORT WORTH ISD,16.2,36,1147,2400,n
NORTH SIDE H S,FORT WORTH ISD,16.9,36,1255,2400,n
POLYTECHNIC H S,FORT WORTH ISD,16.1,36,1190,2400,n
PASCHAL H S,FORT WORTH ISD,23.5,36,1592,2400,n
TRIMBLE TECHNICAL H S,FORT WORTH ISD,18.2,36,1296,2400,n
SOUTHWEST H S,FORT WORTH ISD,19.2,36,1386,2400,n
WESTERN HILLS H S,FORT WORTH ISD,18.6,36,1362,2400,n
O D WYATT H S,FORT WORTH ISD,15.8,36,1147,2400,n
CTR FOR NEW LIVES,FORT WORTH ISD,0,36,1188,2400,n
SUCCESS H S,FORT WORTH ISD,-1,36,-1,2400,n
GRAPEVINE H S,GRAPEVINE-COLLEYVILLE ISD,24.5,36,1629,2400,n
COLLEYVILLE HERITAGE H S,GRAPEVINE-COLLEYVILLE ISD,24.2,36,1613,2400,n
KELLER H S,KELLER ISD,24,36,1607,2400,n
FOSSIL RIDGE H S,KELLER ISD,21.7,36,1504,2400,n
CENTRAL H S,KELLER ISD,22.6,36,1513,2400,n
TIMBER CREEK H S,KELLER ISD,0,36,1510,2400,n
NEW DIRECTION LRN CTR,KELLER ISD,-1,36,1640,2400,n
MANSFIELD SUMMIT H S,MANSFIELD ISD,21,36,1435,2400,n
MANSFIELD H S,MANSFIELD ISD,21.8,36,1505,2400,n
MANSFIELD TIMBERVIEW H S,MANSFIELD ISD,19.3,36,1343,2400,n
MANSFIELD LEGACY H S,MANSFIELD ISD,21.9,36,1483,2400,n
ALTER ED CTR,MANSFIELD ISD,-1,36,-1,2400,n
MANSFIELD FRONTIER H S,MANSFIELD ISD,0,36,1409,2400,n
LAKE WORTH H S,LAKE WORTH ISD,20.1,36,1246,2400,n
CROWLEY H S,CROWLEY ISD,20.7,36,1357,2400,n
NORTH CROWLEY H S,CROWLEY ISD,19.6,36,1369,2400,n
KENNEDALE H S,KENNEDALE ISD,20,36,1427,2400,n
AZLE H S,AZLE ISD,21.7,36,1411,2400,n
BELL H S,HURST-EULESS-BEDFORD ISD,22.2,36,1492,2400,n
TRINITY H S,HURST-EULESS-BEDFORD ISD,21.5,36,1476,2400,n
KEYS CTR,HURST-EULESS-BEDFORD ISD,-1,36,0,2400,n
CASTLEBERRY H S,CASTLEBERRY ISD,19.8,36,1377,2400,n
BOSWELL H S,EAGLE MT-SAGINAW ISD,21.4,36,1488,2400,n
SAGINAW H S,EAGLE MT-SAGINAW ISD,21,36,1439,2400,n
CARROLL SENIOR H S,CARROLL ISD,26.1,36,1723,2400,n
BREWER H S,WHITE SETTLEMENT ISD,19.8,36,1362,2400,n
ISCHOOL H S,TEXAS COLLEGE PREPARATORY ACADEMIE,0,36,1558,2400,n
ABILENE H S,ABILENE ISD,20.9,36,1415,2400,n
COOPER H S,ABILENE ISD,20.2,36,1403,2400,n
ACADEMY FOR TECHNOLOGY ENGINEERING,ABILENE ISD,0,36,-1,2400,n
MERKEL H S,MERKEL ISD,20.4,36,1540,2400,n
TRENT INDEPENDENT SCHOOL DISTRICT,TRENT ISD,18.2,36,0,2400,n
JIM NED H S,JIM NED CISD,22.6,36,1525,2400,n
WYLIE H S,WYLIE ISD,22.9,36,1527,2400,n
SANDERSON JUNIOR/SENIOR HIGH,TERRELL COUNTY ISD,20.1,36,0,2400,n
BROWNFIELD H S,BROWNFIELD ISD,18.4,36,1375,2400,n
MEADOW SCHOOL,MEADOW ISD,19.4,36,-1,2400,n
WELLMAN-UNION SCHOOL,WELLMAN-UNION CISD,20.3,36,-1,2400,n
THROCKMORTON H S,THROCKMORTON ISD,20,36,0,2400,n
WOODSON SCHOOL,WOODSON ISD,19.9,36,-1,2400,n
MOUNT PLEASANT H S,MOUNT PLEASANT ISD,19.5,36,1499,2400,n
CHAPEL HILL H S,CHAPEL HILL ISD,19.3,36,1495,2400,n
CHRISTOVAL H S,CHRISTOVAL ISD,20,36,-1,2400,n
CENTRAL H S,SAN ANGELO ISD,21.1,36,1490,2400,n
LAKE VIEW H S,SAN ANGELO ISD,18.9,36,1435,2400,n
WATER VALLEY H S,WATER VALLEY ISD,21.9,36,-1,2400,n
WALL H S,WALL ISD,22.9,36,1592,2400,n
GRAPE CREEK H S,GRAPE CREEK ISD,20.7,36,1296,2400,n
VERIBEST H S,VERIBEST ISD,19.1,36,0,2400,n
AMERICAN YOUTHWORKS SERVICE LEARNI,AMERICAN YOUTHWORKS CHARTER SCHOOL,0,36,1311,2400,n
NYOS CHARTER SCHOOL,NYOS CHARTER SCHOOL,22.9,36,1570,2400,n
CHAPARRAL STAR ACADEMY,CHAPARRAL STAR ACADEMY,-1,36,1706,2400,n
HARMONY SCIENCE ACAD-NORTH AUSTIN,HARMONY SCIENCE ACADEMY (AUSTIN),20,36,1452,2400,n
AUSTIN CAN ACADEMY CHARTER SCHOOL,AUSTIN CAN ACADEMY CHARTER SCHOOL,0,36,1160,2400,n
KIPP AUSTIN COLLEGIATE,KIPP AUSTIN PUBLIC SCHOOLS INC,17.4,36,1338,2400,n
AUSTIN H S,AUSTIN ISD,22.5,36,1567,2400,n
LANIER H S,AUSTIN ISD,16.4,36,1181,2400,n
MCCALLUM H S,AUSTIN ISD,21,36,1607,2400,n
REAGAN H S,AUSTIN ISD,17.1,36,1117,2400,n
TRAVIS H S,AUSTIN ISD,16.3,36,1187,2400,n
CROCKETT H S,AUSTIN ISD,19,36,1354,2400,n
ANDERSON H S,AUSTIN ISD,24.7,36,1693,2400,n
BOWIE H S,AUSTIN ISD,23.2,36,1590,2400,n
LBJ HIGH SCHOOL,AUSTIN ISD,16.1,36,1142,2400,n
GARZA INDEPENDENCE H S,AUSTIN ISD,22.9,36,1612,2400,n
AKINS H S,AUSTIN ISD,18.1,36,1317,2400,n
LASA H S,AUSTIN ISD,28.4,36,1948,2400,n
EASTSIDE MEMORIAL AT THE JOHNSTON,AUSTIN ISD,-1,36,1222,2400,n
RICHARDS SCH FOR YOUNG WOMEN LEADE,AUSTIN ISD,0,36,1600,2400,n
PFLUGERVILLE H S,PFLUGERVILLE ISD,21.4,36,1451,2400,n
JOHN B CONNALLY H S,PFLUGERVILLE ISD,18.8,36,1354,2400,n
HENDRICKSON H S,PFLUGERVILLE ISD,21.6,36,1442,2400,n
MANOR H S,MANOR ISD,16.2,36,1193,2400,n
MANOR EXCEL ACADEMY,MANOR ISD,-1,36,0,2400,n
MANOR NEW TECHNOLOGY HIGH,MANOR ISD,19.9,36,1372,2400,n
WESTLAKE H S,EANES ISD,26.6,36,1763,2400,n
DEL VALLE H S,DEL VALLE ISD,17.3,36,1286,2400,n
DEL VALLE OPPORTUNITY CTR,DEL VALLE ISD,-1,36,0,2400,n
LAGO VISTA H S,LAGO VISTA ISD,21.2,36,1503,2400,n
LAKE TRAVIS H S,LAKE TRAVIS ISD,25.2,36,1653,2400,n
GROVETON J H-H S,GROVETON ISD,20.9,36,1429,2400,n
TRINITY H S,TRINITY ISD,17.2,36,1328,2400,n
CENTERVILLE H S,CENTERVILLE ISD,-1,36,1484,2400,n
APPLE SPRINGS H S,APPLE SPRINGS ISD,-1,36,1277,2400,n
COLMESNEIL JH/HS,COLMESNEIL ISD,22.6,36,1381,2400,n
WOODVILLE H S,WOODVILLE ISD,20.5,36,1385,2400,n
WARREN H S,WARREN ISD,23.3,36,1461,2400,n
SPURGER H S,SPURGER ISD,17,36,0,2400,n
CHESTER H S,CHESTER ISD,20.4,36,-1,2400,n
BIG SANDY H S,BIG SANDY ISD,18.3,36,1329,2400,n
GILMER H S,GILMER ISD,19.3,36,1474,2400,n
ORE CITY HIGH SCHOOL,ORE CITY ISD,18.6,36,1360,2400,n
UNION HILL H S,UNION HILL ISD,19,36,-1,2400,n
HARMONY H S,HARMONY ISD,21.4,36,1516,2400,n
NEW DIANA H S,NEW DIANA ISD,20,36,1348,2400,n
UNION GROVE H S,UNION GROVE ISD,21.5,36,1613,2400,n
MCCAMEY H S,MCCAMEY ISD,17.4,36,0,2400,n
RANKIN SCHOOL,RANKIN ISD,19.5,36,0,2400,n
KNIPPA SCHOOL,KNIPPA ISD,0,36,-1,2400,y
SABINAL H S,SABINAL ISD,18.2,36,1297,2400,y
UVALDE H S,UVALDE CISD,16.8,36,1288,2400,y
EXCEL ACADEMY,UVALDE CISD,12.9,36,1192,2400,y
UTOPIA SCHOOL,UTOPIA ISD,24.9,36,1633,2400,y
DEL RIO H S,SAN FELIPE-DEL RIO CISD,18.6,36,1350,2400,n
COMSTOCK SCHOOL,COMSTOCK ISD,-1,36,1402,2400,n
CANTON H S,CANTON ISD,21.9,36,1509,2400,n
EDGEWOOD H S,EDGEWOOD ISD,21.3,36,1503,2400,n
GRAND SALINE H S,GRAND SALINE ISD,20.4,36,1374,2400,n
MARTINS MILL H S,MARTINS MILL ISD,22.3,36,1439,2400,n
VAN H S,VAN ISD,21.9,36,1487,2400,n
WILLS POINT H S,WILLS POINT ISD,21.9,36,1527,2400,n
FRUITVALE H S,FRUITVALE ISD,19.6,36,0,2400,n
BLOOMINGTON H S,BLOOMINGTON ISD,0,36,1294,2400,n
LIBERTY ACADEMY,VICTORIA ISD,0,36,-1,2400,n
VICTORIA EAST H S,VICTORIA ISD,19.8,36,1386,2400,n
VICTORIA WEST H S,VICTORIA ISD,21.3,36,1429,2400,n
NEW WAVERLY H S,NEW WAVERLY ISD,19.6,36,1489,2400,n
HUNTSVILLE H S,HUNTSVILLE ISD,18.2,36,1376,2400,n
HEMPSTEAD H S,HEMPSTEAD ISD,17.1,36,1224,2400,n
WALLER H S,WALLER ISD,19.1,36,1411,2400,n
ROYAL H S,ROYAL ISD,18.2,36,1426,2400,n
MONAHANS H S,MONAHANS-WICKETT-PYOTE ISD,20.5,36,1484,2400,n
GRANDFALLS-ROYALTY SCHOOL,GRANDFALLS-ROYALTY ISD,16.8,36,0,2400,n
BRENHAM H S,BRENHAM ISD,19.3,36,1493,2400,n
BURTON H S,BURTON ISD,17.5,36,1275,2400,n
GATEWAY ACADEMY-TOWNLAKE CHARTER H,GATEWAY ACADEMY CHARTER DISTRICT,16.1,36,1090,2400,n
MARTIN H S,LAREDO ISD,15.8,36,1154,2400,n
NIXON H S,LAREDO ISD,16.9,36,1251,2400,n
DR LEO CIGARROA H S,LAREDO ISD,15.3,36,1201,2400,n
EARLY COLLEGE H S,LAREDO ISD,19.1,36,1364,2400,n
UNITED H S,UNITED ISD,19.1,36,1338,2400,n
UNITED SOUTH H S,UNITED ISD,17.1,36,1263,2400,n
JOHN B ALEXANDER H S,UNITED ISD,21.2,36,1401,2400,n
LYNDON B JOHNSON,UNITED ISD,15.1,36,1188,2400,n
BRUNI H S,WEBB CISD,19.8,36,1356,2400,n
BOLING H S,BOLING ISD,19.4,36,1353,2400,n
EAST BERNARD H S,EAST BERNARD ISD,20.9,36,1473,2400,n
EL CAMPO H S,EL CAMPO ISD,20.3,36,1342,2400,n
WHARTON H S,WHARTON ISD,19,36,1368,2400,n
LOUISE H S,LOUISE ISD,18,36,1442,2400,n
SHAMROCK H S,SHAMROCK ISD,21.4,36,0,2400,n
WHEELER SCHOOL,WHEELER ISD,18.9,36,-1,2400,n
KELTON SCHOOL,KELTON ISD,-1,36,0,2400,n
FORT ELLIOTT SCHOOL,FORT ELLIOTT CISD,-1,36,0,2400,n
BRIGHT IDEAS CHARTER,BRIGHT IDEAS CHARTER,-1,36,1430,2400,n
BURKBURNETT H S,BURKBURNETT ISD,21,36,1520,2400,n
ELECTRA H S,ELECTRA ISD,19.7,36,0,2400,n
IOWA PARK H S,IOWA PARK CISD,21,36,1464,2400,n
HIRSCHI H S,WICHITA FALLS ISD,20,36,1430,2400,n
RIDER H S,WICHITA FALLS ISD,21.4,36,1497,2400,n
WICHITA FALLS H S,WICHITA FALLS ISD,20.4,36,1417,2400,n
HARRELL ACCELERATED LEARNING CENTE,WICHITA FALLS ISD,18.8,36,1210,2400,n
CITY VIEW JUNIOR/SENIOR HIGH,CITY VIEW ISD,20.3,36,1418,2400,n
HARROLD SCHOOL,HARROLD ISD,-1,36,0,2400,n
VERNON H S,VERNON ISD,19.9,36,1432,2400,n
NORTHSIDE SCHOOL,NORTHSIDE ISD,18.9,36,-1,2400,n
LASARA H S,LASARA ISD,0,36,1216,2400,n
LYFORD H S,LYFORD CISD,17.6,36,1448,2400,n
RAYMONDVILLE H S,RAYMONDVILLE ISD,15.7,36,1149,2400,n
SAN PERLITA H S,SAN PERLITA ISD,19.4,36,1313,2400,n
FLORENCE H S,FLORENCE ISD,20.7,36,1459,2400,n
GEORGETOWN H S,GEORGETOWN ISD,23.1,36,1560,2400,n
CHIP RICHARTE H S,GEORGETOWN ISD,-1,36,1239,2400,n
GRANGER SCHOOL,GRANGER ISD,19.4,36,1432,2400,n
HUTTO H S,HUTTO ISD,19.5,36,1395,2400,n
JARRELL H S,JARRELL ISD,20.2,36,1452,2400,n
LIBERTY HILL H S,LIBERTY HILL ISD,22.5,36,1507,2400,n
ROUND ROCK H S,ROUND ROCK ISD,22.7,36,1523,2400,n
ROUND ROCK OPPORT CTR DAEP,ROUND ROCK ISD,0,36,-1,2400,n
WESTWOOD H S,ROUND ROCK ISD,26.8,36,1777,2400,n
MCNEIL H S,ROUND ROCK ISD,24.3,36,1619,2400,n
STONY POINT H S,ROUND ROCK ISD,21.2,36,1468,2400,n
CEDAR RIDGE H S,ROUND ROCK ISD,-1,36,1397,2400,n
TAYLOR H S,TAYLOR ISD,18.4,36,1391,2400,n
THRALL H S,THRALL ISD,18.2,36,1375,2400,n
LEANDER H S,LEANDER ISD,22.6,36,1501,2400,n
CEDAR PARK H S,LEANDER ISD,23.8,36,1597,2400,n
VISTA RIDGE H S,LEANDER ISD,22.8,36,1533,2400,n
ROUSE H S,LEANDER ISD,21.7,36,1482,2400,n
VANDEGRIFT H S,LEANDER ISD,24.4,36,1619,2400,n
NEW HOPE H S,LEANDER ISD,0,36,-1,2400,n
FLORESVILLE H S,FLORESVILLE ISD,20.2,36,1389,2400,y
LA VERNIA H S,LA VERNIA ISD,22.2,36,1463,2400,y
POTH H S,POTH ISD,23.6,36,1467,2400,y
STOCKDALE H S,STOCKDALE ISD,17.4,36,1412,2400,y
KERMIT H S,KERMIT ISD,19.2,36,-1,2400,n
WINK H S,WINK-LOVING ISD,20.5,36,-1,2400,n
ALVORD H S,ALVORD ISD,21.9,36,1443,2400,n
BOYD H S,BOYD ISD,20.4,36,1411,2400,n
BRIDGEPORT H S,BRIDGEPORT ISD,21.1,36,1394,2400,n
CHICO H S,CHICO ISD,20.4,36,1378,2400,n
DECATUR H S,DECATUR ISD,21.1,36,1466,2400,n
PARADISE H S,PARADISE ISD,22,36,1490,2400,n
SLIDELL SCHOOLS,SLIDELL ISD,20.9,36,1391,2400,n
HAWKINS H S,HAWKINS ISD,21.6,36,1489,2400,n
MINEOLA H S,MINEOLA ISD,20.5,36,1407,2400,n
QUITMAN H S,QUITMAN ISD,19,36,1300,2400,n
YANTIS SCHOOL,YANTIS ISD,16.4,36,0,2400,n
ALBA-GOLDEN H S,ALBA-GOLDEN ISD,20.6,36,1436,2400,n
WINNSBORO H S,WINNSBORO ISD,21.8,36,1638,2400,n
DENVER CITY H S,DENVER CITY ISD,19.8,36,1548,2400,n
PLAINS H S,PLAINS ISD,21.6,36,-1,2400,n
GRAHAM H S,GRAHAM ISD,21.2,36,1531,2400,n
NEWCASTLE SCHOOL,NEWCASTLE ISD,24.8,36,1536,2400,n
OLNEY H S,OLNEY ISD,18,36,-1,2400,n
ZAPATA H S,ZAPATA COUNTY ISD,17.6,36,-1,2400,n
CRYSTAL CITY H S,CRYSTAL CITY ISD,18.3,36,1478,2400,y
LA PRYOR H S,LA PRYOR ISD,15.1,36,-1,2400,y
